1452,/n/groups/gentb_www/predictData/tbdata_00001452,4b79681f5b33486fc69646f8e078f5e8
1451,/n/groups/gentb_www/predictData/tbdata_00001451,bc582759d5e8f738e6054693b6137d45
1450,/n/groups/gentb_www/predictData/tbdata_00001450,74b837ed9c9ca5d2e7ab9634c7d0887d
1449,/n/groups/gentb_www/predictData/tbdata_00001449,9fd46a1201d4bda4c147d4cdafd06128
1448,/n/groups/gentb_www/predictData/tbdata_00001448,6637a3379b35572d8e592ee862052cb6
1447,/n/groups/gentb_www/predictData/tbdata_00001447,e5ed64bec7fa1d43d78c8acf8cfe614f
1446,/n/groups/gentb_www/predictData/tbdata_00001446,bad1668f507742b459674d17134cb48d
1445,/n/groups/gentb_www/predictData/tbdata_00001445,1036c80a228a9dbbd905f2474f1d666a
1444,/n/groups/gentb_www/predictData/tbdata_00001444,3f8d4e743556559eaf9c81df0c50c05f
1443,/n/groups/gentb_www/predictData/tbdata_00001443,b4b415d0b43047b84b1fa5d8de9ff04e
1442,/n/groups/gentb_www/predictData/tbdata_00001442,3080fc3818ef4b41fa0ea71c198c1bac
1441,/n/groups/gentb_www/predictData/tbdata_00001441,af3f51a80f29cf60cc2fb3ae8f48c728
1440,/n/groups/gentb_www/predictData/tbdata_00001440,19a418d29fc4a8cf3fe6c4761cf38151
1439,/n/groups/gentb_www/predictData/tbdata_00001439,2792f06895e0a58262e3c526f342bd2f
1438,/n/groups/gentb_www/predictData/tbdata_00001438,3201795849a8ad3345fbaa4db701b046
1437,/n/groups/gentb_www/predictData/tbdata_00001437,5d0bdc74c86574b2ad695f4ab94f814e
1436,/n/groups/gentb_www/predictData/tbdata_00001436,4f50a89ec7b123a4058552457e3d254d
1435,/n/groups/gentb_www/predictData/tbdata_00001435,7b91093d0f6e6692116159213252db0f
1434,/n/groups/gentb_www/predictData/tbdata_00001434,ee594cc276ac7f64cf6715a276b79ecc
1433,/n/groups/gentb_www/predictData/tbdata_00001433,d7b451c3bd8eed57c6966c3e69d9af9b
1432,/n/groups/gentb_www/predictData/tbdata_00001432,2dab60bdc7b61df928ecc84eed6bc784
1431,/n/groups/gentb_www/predictData/tbdata_00001431,733e0114788eb3b261efe552c621da7e
1430,/n/groups/gentb_www/predictData/tbdata_00001430,fe27e1fdfb3e689846de2429c26c9db2
1429,/n/groups/gentb_www/predictData/tbdata_00001429,686619cf7bba17196c67183ad02cfd4a
1428,/n/groups/gentb_www/predictData/tbdata_00001428,38340cdf443cee16726fefa66c44301e
1427,/n/groups/gentb_www/predictData/tbdata_00001427,f037b11a3289e417ef6b6f14a677dda4
1426,/n/groups/gentb_www/predictData/tbdata_00001426,44482ee4576e310e691f7551c2e7430e
1425,/n/groups/gentb_www/predictData/tbdata_00001425,5c7ad76e21652e124644fa79e2a5af5c
1424,/n/groups/gentb_www/predictData/tbdata_00001424,db07435fcbb18fc9e25f4f20d1b6b3d3
1423,/n/groups/gentb_www/predictData/tbdata_00001423,6b8300a2d15dd86afc75db83d9cc7b94
1422,/n/groups/gentb_www/predictData/tbdata_00001422,63178ab4c6f972b94839ae8c3afbd593
1421,/n/groups/gentb_www/predictData/tbdata_00001421,6b197507e62a11840af503cbda42d97b
1420,/n/groups/gentb_www/predictData/tbdata_00001420,eb8ee95bd85a4dc01d3a3ef7011d7737
1419,/n/groups/gentb_www/predictData/tbdata_00001419,7a73d2bbb0fef8aad29a99f001f5b3d7
1418,/n/groups/gentb_www/predictData/tbdata_00001418,26137d0c9eb946fd78f7da89dcf7a403
1417,/n/groups/gentb_www/predictData/tbdata_00001417,b688e202185b41499af7396a062b329c
1416,/n/groups/gentb_www/predictData/tbdata_00001416,62f3dabba6843fb66be03935642bcb15
1415,/n/groups/gentb_www/predictData/tbdata_00001415,d0a9b3e3f25ee44403f4394e981949c3
1414,/n/groups/gentb_www/predictData/tbdata_00001414,aec51792bc0666b7ceb7ba1be69f768d
1413,/n/groups/gentb_www/predictData/tbdata_00001413,71dba0ad959e59417966fcc38e99ab1a
1412,/n/groups/gentb_www/predictData/tbdata_00001412,ca496992af7664fbe508a97b048215e9
1411,/n/groups/gentb_www/predictData/tbdata_00001411,aa01cf2007112eeecada92e8834c2a85
1410,/n/groups/gentb_www/predictData/tbdata_00001410,8ff4fe4add35568f2348e71504c3eafb
1409,/n/groups/gentb_www/predictData/tbdata_00001409,8de4bdd5cb9761626a00e1c9eedbec87
1408,/n/groups/gentb_www/predictData/tbdata_00001408,5b0ea3f58950948dd35e80b0644fb2c9
1407,/n/groups/gentb_www/predictData/tbdata_00001407,28dfa4966114d5ec48ab9904fe2638b5
1406,/n/groups/gentb_www/predictData/tbdata_00001406,b2f1d218a94015e86785a2ecbf2d1fd2
1405,/n/groups/gentb_www/predictData/tbdata_00001405,b365cc2932461091cac14701e4fc1262
1404,/n/groups/gentb_www/predictData/tbdata_00001404,4bcbc148c692ef73f50a23884cd3637f
1403,/n/groups/gentb_www/predictData/tbdata_00001403,41bf3e57d0be6624ab4915e71a366309
1402,/n/groups/gentb_www/predictData/tbdata_00001402,4e834d35e6944407184a3d824396cea7
1401,/n/groups/gentb_www/predictData/tbdata_00001401,f09686a135dbd9a5380a5057fed51a9f
1400,/n/groups/gentb_www/predictData/tbdata_00001400,a8868226ba47c14b58edd99199d1fce4
1399,/n/groups/gentb_www/predictData/tbdata_00001399,45446fdb66b7da325fa0dd53d9b97766
1398,/n/groups/gentb_www/predictData/tbdata_00001398,215eb137923201ea2250803813ef239f
1397,/n/groups/gentb_www/predictData/tbdata_00001397,0ca48718283eeec5391a44aaac2872df
1396,/n/groups/gentb_www/predictData/tbdata_00001396,0a05a49c63c79df998b1c02d579c3021
1395,/n/groups/gentb_www/predictData/tbdata_00001395,bc5fa495fd3165cbb225549238687ec4
1394,/n/groups/gentb_www/predictData/tbdata_00001394,c1aec8e50976f9190c7227aa236c7860
1393,/n/groups/gentb_www/predictData/tbdata_00001393,caae4479d0c5c125382b79af64e85888
1392,/n/groups/gentb_www/predictData/tbdata_00001392,f7c636e37f8d0d7c466debe079a9b4b6
1391,/n/groups/gentb_www/predictData/tbdata_00001391,dec59095763b409a00baa285c3e8b047
1390,/n/groups/gentb_www/predictData/tbdata_00001390,a2739c63a0313db3da3dd56faa173083
1389,/n/groups/gentb_www/predictData/tbdata_00001389,6de27912f0680830e7956d5ed739bbcc
1388,/n/groups/gentb_www/predictData/tbdata_00001388,f4d07de7e6c61b434992ef0849403434
1387,/n/groups/gentb_www/predictData/tbdata_00001387,37516fef526506a6200beb96b41d7f4a
1386,/n/groups/gentb_www/predictData/tbdata_00001386,18d76755682ce4cb5905509756f62030
1385,/n/groups/gentb_www/predictData/tbdata_00001385,aff02c665bdde097334724108b6271ea
1384,/n/groups/gentb_www/predictData/tbdata_00001384,094929146f43ebd0441c521a4ace2589
1383,/n/groups/gentb_www/predictData/tbdata_00001383,1c70c7c1ccec35f21443fe00e35de542
1382,/n/groups/gentb_www/predictData/tbdata_00001382,ec823e3d38454fd4fa6fcda0962cf504
1381,/n/groups/gentb_www/predictData/tbdata_00001381,00bcb0db25aca024a5cb418e35d59341
1380,/n/groups/gentb_www/predictData/tbdata_00001380,4690cd32b9c486ae3cddffcc7ec4ad14
1379,/n/groups/gentb_www/predictData/tbdata_00001379,76f045e8ad51a49abf2487fdb26c121a
1378,/n/groups/gentb_www/predictData/tbdata_00001378,f0f36f34931974ad08cbc75d82d90995
1377,/n/groups/gentb_www/predictData/tbdata_00001377,07a173984e873d98033242fe0d3d65f8
1376,/n/groups/gentb_www/predictData/tbdata_00001376,66d2bc081e0e14909cc4a253e2012ad0
1375,/n/groups/gentb_www/predictData/tbdata_00001375,ae78c97547bafa933072a00f3d0571b8
1374,/n/groups/gentb_www/predictData/tbdata_00001374,9972cac613feb86d6c1e30815cddb57d
1373,/n/groups/gentb_www/predictData/tbdata_00001373,da7b4d4ddc821dd8e837cc777b94c6c4
1372,/n/groups/gentb_www/predictData/tbdata_00001372,0fbcc3c7c5cbe41ac0ca0add964f9ef2
1371,/n/groups/gentb_www/predictData/tbdata_00001371,0136bbca05e73846b325a0397bbb796e
1370,/n/groups/gentb_www/predictData/tbdata_00001370,c152b1bdf0051fd50522059c224a5c35
1369,/n/groups/gentb_www/predictData/tbdata_00001369,7449b4c11e4e9c4ad4d616628768859d
1368,/n/groups/gentb_www/predictData/tbdata_00001368,9e9821b82e2f8f896cb1c89432eb3ffa
1367,/n/groups/gentb_www/predictData/tbdata_00001367,cf46c6c9f5ae01b00eb0a4dae3eb178b
1366,/n/groups/gentb_www/predictData/tbdata_00001366,2c2f4fcdc43f76697cb6bcb226ce4b4c
1365,/n/groups/gentb_www/predictData/tbdata_00001365,8f21507328a8f67702810ab5bff46b75
1364,/n/groups/gentb_www/predictData/tbdata_00001364,54c8907f497c052dfcd7b5b1f68b8b6d
1363,/n/groups/gentb_www/predictData/tbdata_00001363,f84b09adaad94e490fdd27f9f181490d
1362,/n/groups/gentb_www/predictData/tbdata_00001362,6a40db9b4ba7a85c8134fb649ec48a0d
1361,/n/groups/gentb_www/predictData/tbdata_00001361,4fce59ad4f895091706ea9bf00597453
1360,/n/groups/gentb_www/predictData/tbdata_00001360,73260f73e522fb34e52d53f8a58b8786
1359,/n/groups/gentb_www/predictData/tbdata_00001359,85bbe4b5ff52659d0da744d331e45e0e
1358,/n/groups/gentb_www/predictData/tbdata_00001358,ee3c88ba6a96f8e736e9d92f69b93b2d
1357,/n/groups/gentb_www/predictData/tbdata_00001357,a8c0dd281813a447829e54008edfe0b6
1356,/n/groups/gentb_www/predictData/tbdata_00001356,c0a5a235704ef6739b8ad5e312db4ddd
1355,/n/groups/gentb_www/predictData/tbdata_00001355,5d0a9d4ad0c6da5e8434f1df49f091b1
1354,/n/groups/gentb_www/predictData/tbdata_00001354,bff611684009dd65c343940ae1d9c01b
1353,/n/groups/gentb_www/predictData/tbdata_00001353,2fe9c0a5413b284a51476197e5198967
1352,/n/groups/gentb_www/predictData/tbdata_00001352,149500f9c95ee66f60f27cd2f07593ce
1351,/n/groups/gentb_www/predictData/tbdata_00001351,e50759df4332cf740c9da1539cd68513
1350,/n/groups/gentb_www/predictData/tbdata_00001350,4fbe8cdf61d07fa1648a7b591c294437
1349,/n/groups/gentb_www/predictData/tbdata_00001349,54ff56f3d1d65f3e64af86a68f2043a1
1348,/n/groups/gentb_www/predictData/tbdata_00001348,fcf6558e8c3a1dad812d5b6548e0bcd4
1347,/n/groups/gentb_www/predictData/tbdata_00001347,776690d2f7db986d2ac69d5e2b04bf32
1346,/n/groups/gentb_www/predictData/tbdata_00001346,858729da804de3d89643b2b8f3ee936e
1345,/n/groups/gentb_www/predictData/tbdata_00001345,91a729b1981d2f5f5413c8d86ebcfedc
1344,/n/groups/gentb_www/predictData/tbdata_00001344,36eb7bbda7bf0158461b2815129ad386
1343,/n/groups/gentb_www/predictData/tbdata_00001343,f63f5d095da8cfc47a7c786bc9bf6535
1342,/n/groups/gentb_www/predictData/tbdata_00001342,c7c1d7b9e443aba9fbf5ad2712648ad0
1341,/n/groups/gentb_www/predictData/tbdata_00001341,b81394b29d35b61c9901071389141ba7
1340,/n/groups/gentb_www/predictData/tbdata_00001340,baaafd12ecfdfa8ece2eb3d54cb5c09f
1339,/n/groups/gentb_www/predictData/tbdata_00001339,ca5b65bfc1b9c737651f15063296c1b3
1338,/n/groups/gentb_www/predictData/tbdata_00001338,9e84dd0db3beffd60fd2afd9cac152d2
1337,/n/groups/gentb_www/predictData/tbdata_00001337,737e29b8f7302f7a3fbe9dfdd9764fdc
1336,/n/groups/gentb_www/predictData/tbdata_00001336,5f567f4d29cfd8542cbaa6c85ecad2a4
1335,/n/groups/gentb_www/predictData/tbdata_00001335,9b5cd9968cefe3ff475def1bbedb69c5
1334,/n/groups/gentb_www/predictData/tbdata_00001334,47df5d3894f800d11eb8ff66024be3d0
1333,/n/groups/gentb_www/predictData/tbdata_00001333,49a47d8e8618179ec9ee1e7c65f89e3f
1332,/n/groups/gentb_www/predictData/tbdata_00001332,aedd46e8ec4b31505a66f7025add1add
1331,/n/groups/gentb_www/predictData/tbdata_00001331,abd44d39dba5d1d3141141299e6b21a0
1330,/n/groups/gentb_www/predictData/tbdata_00001330,5f22969bc78a327db885657218c5e155
1329,/n/groups/gentb_www/predictData/tbdata_00001329,51536277fa6285b849069a9b6f68bf50
1328,/n/groups/gentb_www/predictData/tbdata_00001328,9de58088c8f443abc828531287c6e960
1327,/n/groups/gentb_www/predictData/tbdata_00001327,3541bec8cb27410e54f4afb37ff9e3a5
1326,/n/groups/gentb_www/predictData/tbdata_00001326,4ebebfe3b709680d7b9d6ba28418b961
1325,/n/groups/gentb_www/predictData/tbdata_00001325,11bf4a05f54573552bb2a3150c51490d
1324,/n/groups/gentb_www/predictData/tbdata_00001324,94d754bb97e82e15c2197db90fd11b88
1323,/n/groups/gentb_www/predictData/tbdata_00001323,c96d17685da7b2ff7a0fa370a86fb2df
1322,/n/groups/gentb_www/predictData/tbdata_00001322,64809f77f03818d32a1c620795f1267d
1321,/n/groups/gentb_www/predictData/tbdata_00001321,759462fd02f287e46278c91fa58e5476
1320,/n/groups/gentb_www/predictData/tbdata_00001320,d167475ca5685d10937c02d29c4fd966
1319,/n/groups/gentb_www/predictData/tbdata_00001319,c5d6840a4c9c6b70af595e75c80926eb
1318,/n/groups/gentb_www/predictData/tbdata_00001318,bf111303dd409820e495b38ff4913c1c
1317,/n/groups/gentb_www/predictData/tbdata_00001317,c9bff0b16aea6ed9cd0f4a002ac88ba3
1316,/n/groups/gentb_www/predictData/tbdata_00001316,30fea2eebe056f3389fddd5a0aa3144a
1315,/n/groups/gentb_www/predictData/tbdata_00001315,5b4229835f251997966ceb5d7b83ae44
1314,/n/groups/gentb_www/predictData/tbdata_00001314,2e06479b027a825b48a376ca6901041e
1313,/n/groups/gentb_www/predictData/tbdata_00001313,e71511ede5421c990fd80317e9a2b61f
1312,/n/groups/gentb_www/predictData/tbdata_00001312,984b8e511a6951ea5bc51e9d2f270f3d
1311,/n/groups/gentb_www/predictData/tbdata_00001311,99605e647885fc62af3478356e07b9aa
1310,/n/groups/gentb_www/predictData/tbdata_00001310,cad7604a4d0db7553332f51af6a7f838
1309,/n/groups/gentb_www/predictData/tbdata_00001309,196ab3f57ad1d0afb73f7b44311f581f
1308,/n/groups/gentb_www/predictData/tbdata_00001308,5ae30df9ce8f3742618a63fd6c4be439
1307,/n/groups/gentb_www/predictData/tbdata_00001307,7a011a0bdf16ece9ad59f74806147a7b
1306,/n/groups/gentb_www/predictData/tbdata_00001306,e305957bd03589a786deb586a9d2b9a8
1305,/n/groups/gentb_www/predictData/tbdata_00001305,ac5e60bdfb6256d72c3b25cd84c30c00
1304,/n/groups/gentb_www/predictData/tbdata_00001304,f04ba28fcdf8a8a81fb4d97acb9b6dfb
1303,/n/groups/gentb_www/predictData/tbdata_00001303,bc413a0ecfef32365b91d05fbee8e441
1302,/n/groups/gentb_www/predictData/tbdata_00001302,6c80a1ac9b3e654d149de92feb0ec424
1301,/n/groups/gentb_www/predictData/tbdata_00001301,af5273efd9d3aa4ff11b058a5939e23b
1300,/n/groups/gentb_www/predictData/tbdata_00001300,f2f70db540aee225fde07b4333b4db09
1299,/n/groups/gentb_www/predictData/tbdata_00001299,61c16d7d098f6f8ec1b7205488176b00
1298,/n/groups/gentb_www/predictData/tbdata_00001298,6a2ba516ef831caf3bcaeda5024b3fa6
1297,/n/groups/gentb_www/predictData/tbdata_00001297,0bf03301fcd5a373fbe535993103ab57
1296,/n/groups/gentb_www/predictData/tbdata_00001296,373668b85e4f6b62b7171c88484c9471
1295,/n/groups/gentb_www/predictData/tbdata_00001295,3a614bf032b2ceb594d7186391508f28
1294,/n/groups/gentb_www/predictData/tbdata_00001294,5e44c22831152496ea652d09ac7d4f48
1293,/n/groups/gentb_www/predictData/tbdata_00001293,60f5de9758782dde4b2e5010158a0ccc
1292,/n/groups/gentb_www/predictData/tbdata_00001292,d35105c69f31688adff1b837d375cb5d
1291,/n/groups/gentb_www/predictData/tbdata_00001291,ca463a14cc01b6c2a413c499a256ea7a
1290,/n/groups/gentb_www/predictData/tbdata_00001290,662620ef1b95d1df19b7b755fca6d73d
1289,/n/groups/gentb_www/predictData/tbdata_00001289,1f853f3463e880b26d796b9f7b0f85ec
1288,/n/groups/gentb_www/predictData/tbdata_00001288,367c82d6e9afed385fd56877a2376ae7
1287,/n/groups/gentb_www/predictData/tbdata_00001287,314f91fdbb3846a39aa3678a8fcc0ece
1286,/n/groups/gentb_www/predictData/tbdata_00001286,d981bd8a55915cf43502651edefbf779
1285,/n/groups/gentb_www/predictData/tbdata_00001285,5e470ecda954997010fb47fd74925dcd
1284,/n/groups/gentb_www/predictData/tbdata_00001284,ec1c581418921875ef44061dfdd567c6
1283,/n/groups/gentb_www/predictData/tbdata_00001283,243e108b907874395f188481b70b9f1b
1282,/n/groups/gentb_www/predictData/tbdata_00001282,fd3b17a9a2f3042cc29df9b63b7624a5
1281,/n/groups/gentb_www/predictData/tbdata_00001281,a92e7ba1d5b4efe2deb5995fbf34991d
1280,/n/groups/gentb_www/predictData/tbdata_00001280,f2d5b3ce31c69891b50caa3110d01555
1279,/n/groups/gentb_www/predictData/tbdata_00001279,f486d24d30ed6fb18ff4f0c7129ca7f1
1278,/n/groups/gentb_www/predictData/tbdata_00001278,6425fb8c09153998e3c06b415ca246fb
1277,/n/groups/gentb_www/predictData/tbdata_00001277,58093f53ea7ec009e73d26a644f6dba3
1276,/n/groups/gentb_www/predictData/tbdata_00001276,f3e02c38183deae554879bb7cfa56add
1275,/n/groups/gentb_www/predictData/tbdata_00001275,f8091ddb6f35bffa7c0d884cd2c396c0
1274,/n/groups/gentb_www/predictData/tbdata_00001274,6570d706ff40b426ea05718289d18e8c
1273,/n/groups/gentb_www/predictData/tbdata_00001273,431a625c191ac7a300deaa1d9d19a6eb
1272,/n/groups/gentb_www/predictData/tbdata_00001272,4704fe6fd0122049ca51f48d6e641b42
1271,/n/groups/gentb_www/predictData/tbdata_00001271,68666060f79a548090130bb3398121ee
1270,/n/groups/gentb_www/predictData/tbdata_00001270,cfcc2452fb4ba7892a009bffe82395da
1269,/n/groups/gentb_www/predictData/tbdata_00001269,e3e9633ae286c981821ce81d0833ec36
1268,/n/groups/gentb_www/predictData/tbdata_00001268,734657f97886654aa02e6ae0aea89e5f
1267,/n/groups/gentb_www/predictData/tbdata_00001267,2a3173b2ced197634cded26a05ba60a3
1266,/n/groups/gentb_www/predictData/tbdata_00001266,0ee7365d3ba5c771a35da268b89ef266
1265,/n/groups/gentb_www/predictData/tbdata_00001265,95a5ff4ab666826e85978ce8c2bf4100
1264,/n/groups/gentb_www/predictData/tbdata_00001264,4f8bd61ca44006cc12afefa8ff86771c
1263,/n/groups/gentb_www/predictData/tbdata_00001263,92401f8fd2caff0238fa643ba0a48cb2
1262,/n/groups/gentb_www/predictData/tbdata_00001262,d03fef3d93697dfbe81fc7d30481103d
1261,/n/groups/gentb_www/predictData/tbdata_00001261,4a2d8e69429b2d991b8b011a14a578b1
1260,/n/groups/gentb_www/predictData/tbdata_00001260,c6aa5bdb22f931150087f0e3390f0d7d
1259,/n/groups/gentb_www/predictData/tbdata_00001259,5de807f6ee58df34b305b49361abeeb6
1258,/n/groups/gentb_www/predictData/tbdata_00001258,d90ee647ec0dd9d63d5323438fc61080
1257,/n/groups/gentb_www/predictData/tbdata_00001257,253f778884bea9a6a0caf31e2833884b
1256,/n/groups/gentb_www/predictData/tbdata_00001256,66c11dcbe510377081d4b8cd3aa3b7a0
1255,/n/groups/gentb_www/predictData/tbdata_00001255,3672e0d086686e3bc7c102ab9d2b1b37
1254,/n/groups/gentb_www/predictData/tbdata_00001254,09c86b225a193cd0193716f18e739af3
1253,/n/groups/gentb_www/predictData/tbdata_00001253,cbf1b35c83a1809a04074595f18f2998
1252,/n/groups/gentb_www/predictData/tbdata_00001252,5c69028938303ce36e3b45ab83db76de
1251,/n/groups/gentb_www/predictData/tbdata_00001251,16dec1f37eadf1bb5f19ad3c96be9c2d
1250,/n/groups/gentb_www/predictData/tbdata_00001250,1ff4346ec028be99353540df6bf2ccb6
1249,/n/groups/gentb_www/predictData/tbdata_00001249,8421273dc5f195f7cd6bf4425f47f3a7
1248,/n/groups/gentb_www/predictData/tbdata_00001248,21d378d9a7f03cb7a17b2d8fe06fc7a8
1247,/n/groups/gentb_www/predictData/tbdata_00001247,0b8bfdcb5d68ab23bd631553f444acb3
1246,/n/groups/gentb_www/predictData/tbdata_00001246,cc1b05e1e3e851a6a07499fade4000de
1245,/n/groups/gentb_www/predictData/tbdata_00001245,e941b09e80f75ad67ba92b9fcb1085fb
1244,/n/groups/gentb_www/predictData/tbdata_00001244,52f2e94610724241d9b31d0557eba043
1243,/n/groups/gentb_www/predictData/tbdata_00001243,6f020607167b5a138dad2ece7205bba5
1242,/n/groups/gentb_www/predictData/tbdata_00001242,2291a49b2d919741495c827719fd7c4a
1241,/n/groups/gentb_www/predictData/tbdata_00001241,18809ebf97b2d84d95797506e2536259
1240,/n/groups/gentb_www/predictData/tbdata_00001240,8e1ba32ba3c4b5414d3b2611d18573a1
1239,/n/groups/gentb_www/predictData/tbdata_00001239,e5df5787421647022cdef24e2539ee46
1238,/n/groups/gentb_www/predictData/tbdata_00001238,ff22a451335519220eb09a6cf6e7949a
1237,/n/groups/gentb_www/predictData/tbdata_00001237,f2d32cfc62e63b3a7b9962ef9f0509c2
1236,/n/groups/gentb_www/predictData/tbdata_00001236,d5d54fcaf703400e1225d5ebdab0b58c
1235,/n/groups/gentb_www/predictData/tbdata_00001235,ec244cbe4ce95e3b99741b51a4bcd666
1234,/n/groups/gentb_www/predictData/tbdata_00001234,8d9d626eb637e5f5e1fc9fb90c4e6199
1233,/n/groups/gentb_www/predictData/tbdata_00001233,f415432293206d885b7aa20b7b47fc28
1232,/n/groups/gentb_www/predictData/tbdata_00001232,14c96bdcee08acce776b727c628feade
1231,/n/groups/gentb_www/predictData/tbdata_00001231,936bd5fddc1af87335f6b6cca716adaf
1230,/n/groups/gentb_www/predictData/tbdata_00001230,9cfdaeba5b0d1041fc66aa3138cd211f
1229,/n/groups/gentb_www/predictData/tbdata_00001229,33ed4152463ac26e6060937583064dd1
1228,/n/groups/gentb_www/predictData/tbdata_00001228,b10ddc7dad2e84f1422b5a35bcfe526e
1227,/n/groups/gentb_www/predictData/tbdata_00001227,00cddb8f080852da6bce873b15045683
1226,/n/groups/gentb_www/predictData/tbdata_00001226,043c564b99945871d3bcde0d97e25d16
1225,/n/groups/gentb_www/predictData/tbdata_00001225,3d8c588a99a089e77aaf710370839f4e
1224,/n/groups/gentb_www/predictData/tbdata_00001224,797a548528eea8b5c91c3858166369dd
1223,/n/groups/gentb_www/predictData/tbdata_00001223,638b46acd4c8ff2aec196c6225cbc8b7
1222,/n/groups/gentb_www/predictData/tbdata_00001222,e36c7b024bb179db7a653ebac4288bff
1221,/n/groups/gentb_www/predictData/tbdata_00001221,e161a62c190dca75a0e701987164d971
1220,/n/groups/gentb_www/predictData/tbdata_00001220,f3d375619cefb3c3cdcf9a0630c5918f
1219,/n/groups/gentb_www/predictData/tbdata_00001219,9c2073a171435bf47b1d009a8fd99cf8
1218,/n/groups/gentb_www/predictData/tbdata_00001218,537081dc70ae5c64dd826524a23bdab1
1217,/n/groups/gentb_www/predictData/tbdata_00001217,2def53d938180afe847c8fbb9e3819ef
1216,/n/groups/gentb_www/predictData/tbdata_00001216,dcad763a3326c796899bde7280cb1c25
1215,/n/groups/gentb_www/predictData/tbdata_00001215,eb259e1c5a833bb9c2c90a46b4316b81
1214,/n/groups/gentb_www/predictData/tbdata_00001214,1322256375606ce2d9ac5913868d99cf
1213,/n/groups/gentb_www/predictData/tbdata_00001213,bd748f7aa49331e7a53b2e2d2528a07b
1212,/n/groups/gentb_www/predictData/tbdata_00001212,52c621ebb57b4de7480d5e64e53b457b
1211,/n/groups/gentb_www/predictData/tbdata_00001211,8b48cb4245427e3eec4e871b09b19e9a
1210,/n/groups/gentb_www/predictData/tbdata_00001210,dc9deaac928c0cc49aa89282877c81e8
1209,/n/groups/gentb_www/predictData/tbdata_00001209,513040341351b6e4c1d3b1aecf1a4b5b
1208,/n/groups/gentb_www/predictData/tbdata_00001208,4abd92bb1758c828f915ac2099e40cab
1207,/n/groups/gentb_www/predictData/tbdata_00001207,52173f3d64ba4d48c54a54a8a35749db
1206,/n/groups/gentb_www/predictData/tbdata_00001206,9025848ca580021723f70c48229d47fe
1205,/n/groups/gentb_www/predictData/tbdata_00001205,ba5b1771d89b2e0d7b1d442c5e5237ad
1204,/n/groups/gentb_www/predictData/tbdata_00001204,860be647f1753abc53555d18fcf4cd49
1203,/n/groups/gentb_www/predictData/tbdata_00001203,d11fe8c9b66247b3a1d89d7dced5f741
1202,/n/groups/gentb_www/predictData/tbdata_00001202,a38ed56f8cb0fda99a8ac4f14c959cde
1201,/n/groups/gentb_www/predictData/tbdata_00001201,6deff05d57ed8d6190f827a887a0773d
1200,/n/groups/gentb_www/predictData/tbdata_00001200,65991ce49dc8a2a304bdfc40fdfbdd0e
1199,/n/groups/gentb_www/predictData/tbdata_00001199,aecccbbe659dc974237ec0b50b0bd1a6
1198,/n/groups/gentb_www/predictData/tbdata_00001198,97663daa9160bed1256eec36c2d99ced
1197,/n/groups/gentb_www/predictData/tbdata_00001197,f7586a9a56925fb233f5c056a781bc82
1196,/n/groups/gentb_www/predictData/tbdata_00001196,9aaefb678fb10c5b71c533018a8dd5c8
1195,/n/groups/gentb_www/predictData/tbdata_00001195,91d7f3d9f79e1267e09ddd91b3424f5f
1194,/n/groups/gentb_www/predictData/tbdata_00001194,513ae0134772cc0f52d5af3e77400de6
1193,/n/groups/gentb_www/predictData/tbdata_00001193,8df242f5106d2424c8373b4b3549e5ad
1192,/n/groups/gentb_www/predictData/tbdata_00001192,ad064d1d29b3fdc6d5eced7c19146011
1191,/n/groups/gentb_www/predictData/tbdata_00001191,713a718b5cfc885c52dc6d4e7a46028d
1190,/n/groups/gentb_www/predictData/tbdata_00001190,690203c57bdf6905a77a17252c7251d2
1189,/n/groups/gentb_www/predictData/tbdata_00001189,d1486f5bc0dad3f4600047f36d7a2481
1188,/n/groups/gentb_www/predictData/tbdata_00001188,5613249d2c29fcc3f269798e190391ef
1187,/n/groups/gentb_www/predictData/tbdata_00001187,b6609fcfc392bf8ea2c89ce50fb9ad2a
1186,/n/groups/gentb_www/predictData/tbdata_00001186,6026c7632a88b8f1486608143625955b
1185,/n/groups/gentb_www/predictData/tbdata_00001185,2c0031c4af95e7755fc57c8f0760f8f9
1184,/n/groups/gentb_www/predictData/tbdata_00001184,f005b8e5e9898d64b979426481b9b437
1183,/n/groups/gentb_www/predictData/tbdata_00001183,c1190b24bb9253e56c8aeefd68248504
1182,/n/groups/gentb_www/predictData/tbdata_00001182,e5d990624753fccf99ff5c88fc0db400
1181,/n/groups/gentb_www/predictData/tbdata_00001181,c3e157b0791c1a6c83ffb20b16930a1d
1180,/n/groups/gentb_www/predictData/tbdata_00001180,19eb48348df5450169f2a180100547d1
1179,/n/groups/gentb_www/predictData/tbdata_00001179,44107b37092d60e9adea2cfc3a3f1bd2
1178,/n/groups/gentb_www/predictData/tbdata_00001178,de106bf66b3e0d271133467c24eb8fe1
1177,/n/groups/gentb_www/predictData/tbdata_00001177,8be1cc5982e0cd8658603d786f4f9e18
1176,/n/groups/gentb_www/predictData/tbdata_00001176,46edabeb5b4501ac303c93a0fb4dcc6f
1175,/n/groups/gentb_www/predictData/tbdata_00001175,fa4311cb18b5d9d2f4f9238c7d0f0bd5
1174,/n/groups/gentb_www/predictData/tbdata_00001174,5b418d5ad0242192510b5998ac7e98af
1173,/n/groups/gentb_www/predictData/tbdata_00001173,9b80ca87ef6790f086f2fd1f39f89fff
1172,/n/groups/gentb_www/predictData/tbdata_00001172,696444045846f19ed4a88b5e2d6e3400
1171,/n/groups/gentb_www/predictData/tbdata_00001171,a23303a95faf4a841b492d874895c94d
1170,/n/groups/gentb_www/predictData/tbdata_00001170,fcd2250dc51228b01ef710cb06005450
1169,/n/groups/gentb_www/predictData/tbdata_00001169,d96695d8b6e75a644f82b9dde2837fcc
1168,/n/groups/gentb_www/predictData/tbdata_00001168,ced40487aa597977e66be2098a8744b1
1167,/n/groups/gentb_www/predictData/tbdata_00001167,1daf1c7f3107ebda16f8470231552660
1166,/n/groups/gentb_www/predictData/tbdata_00001166,5e61cc54b6dbd2db35e89942de483cce
1165,/n/groups/gentb_www/predictData/tbdata_00001165,dab106fa91b06fe38f2bdd379b2c85d7
1164,/n/groups/gentb_www/predictData/tbdata_00001164,7ba10e961ab846cc9772c530971c3004
1163,/n/groups/gentb_www/predictData/tbdata_00001163,b02a9a635395826dec0e4c214a1fd7fb
1162,/n/groups/gentb_www/predictData/tbdata_00001162,e9b3f8f393594f4d07e87b5097248d6f
1161,/n/groups/gentb_www/predictData/tbdata_00001161,8517e9a289052402e6fbf68af86b3672
1160,/n/groups/gentb_www/predictData/tbdata_00001160,48f01e19b3d40329cd35a2a469776c17
1159,/n/groups/gentb_www/predictData/tbdata_00001159,230b8f848f4fe13ac5548b600babe3df
1158,/n/groups/gentb_www/predictData/tbdata_00001158,15161a0678f51806272698e718d4b643
1157,/n/groups/gentb_www/predictData/tbdata_00001157,7da20196f0b53853f1ffe826b11c1755
1156,/n/groups/gentb_www/predictData/tbdata_00001156,83cdee685dc6bf083eb03a6e4c5d17cc
1155,/n/groups/gentb_www/predictData/tbdata_00001155,d85f6d6c174f8bc95e618e7149d2bed5
1154,/n/groups/gentb_www/predictData/tbdata_00001154,ac971a5a225ed03df55c27e280c0fdb0
1153,/n/groups/gentb_www/predictData/tbdata_00001153,b0d4c9fcd9e77bc258233e7940e849cd
1152,/n/groups/gentb_www/predictData/tbdata_00001152,e0983d6ae34eb48c4381a9d9b5e87b20
1151,/n/groups/gentb_www/predictData/tbdata_00001151,53685956f0b515166d5238c85127cb37
1150,/n/groups/gentb_www/predictData/tbdata_00001150,b199f8a34ac7e050736cf995d8b23d1e
1149,/n/groups/gentb_www/predictData/tbdata_00001149,67f4a40414644ced937d769c2f76677b
1148,/n/groups/gentb_www/predictData/tbdata_00001148,74b1137d7c22e3135c7bf27393ca6764
1147,/n/groups/gentb_www/predictData/tbdata_00001147,fe225b96dfec81c175a987a219f29c39
1146,/n/groups/gentb_www/predictData/tbdata_00001146,6a63705fee47dff4a5b09357806edfd0
1145,/n/groups/gentb_www/predictData/tbdata_00001145,642137652980b22111b0d6631ffab33e
1144,/n/groups/gentb_www/predictData/tbdata_00001144,4e908c5422aff94d36a698d708b4d507
1143,/n/groups/gentb_www/predictData/tbdata_00001143,ac4f5d78b63565988d482d6ed4e52b10
1142,/n/groups/gentb_www/predictData/tbdata_00001142,28521d93b6aa9268d2d1279369d1e01f
1141,/n/groups/gentb_www/predictData/tbdata_00001141,412eb39d93d6bd7ed561afaf0f2137bf
1140,/n/groups/gentb_www/predictData/tbdata_00001140,d9fc6234d064eb03a1163f7aee0ce071
1139,/n/groups/gentb_www/predictData/tbdata_00001139,ed0f65cb2ed069ce3637c20f546ac945
1138,/n/groups/gentb_www/predictData/tbdata_00001138,721aed0dd3780eae5b8ddd7737d469aa
1137,/n/groups/gentb_www/predictData/tbdata_00001137,fdc5f9304d1bba582f44dbec749cb066
1136,/n/groups/gentb_www/predictData/tbdata_00001136,5980546e977e170d31483c2f7136a28f
1135,/n/groups/gentb_www/predictData/tbdata_00001135,d562858d216da3e55f6e1f3006cd7cbe
1134,/n/groups/gentb_www/predictData/tbdata_00001134,603b91cdf96e5429ebf545306700248e
1133,/n/groups/gentb_www/predictData/tbdata_00001133,ed3a8c77b027ca2a392bcd7c92a6eb77
1132,/n/groups/gentb_www/predictData/tbdata_00001132,9aba60ed1eb5908fdf9e5e9330761b38
1131,/n/groups/gentb_www/predictData/tbdata_00001131,3f13ce123591124c29ce919dab923ada
1130,/n/groups/gentb_www/predictData/tbdata_00001130,4f667dd2d978891f1765d24a03e5790d
1129,/n/groups/gentb_www/predictData/tbdata_00001129,ed5830824fabe2af232103e4ba9cf1b9
1128,/n/groups/gentb_www/predictData/tbdata_00001128,93e369cc4fb7a4167c60ac113a2b5cf7
1127,/n/groups/gentb_www/predictData/tbdata_00001127,ff7faddd871a5eefb85e9d5640f1c0a2
1126,/n/groups/gentb_www/predictData/tbdata_00001126,57060f02e79232fa9b1542e6de041dcc
1125,/n/groups/gentb_www/predictData/tbdata_00001125,0ea63357da73db5e8432a9d6cc5f0ca0
1124,/n/groups/gentb_www/predictData/tbdata_00001124,4ba049e96328ee8809bc207077c712a7
1123,/n/groups/gentb_www/predictData/tbdata_00001123,f019fe24b44dd6135567c9342a810935
1122,/n/groups/gentb_www/predictData/tbdata_00001122,8a91ea19314491fab95bc47527023c85
1121,/n/groups/gentb_www/predictData/tbdata_00001121,7802176bbfc14b7e8c0260e76d265fb7
1120,/n/groups/gentb_www/predictData/tbdata_00001120,77800ea735d0fc54a2c23900eda5d98e
1119,/n/groups/gentb_www/predictData/tbdata_00001119,666620fff0a53a9ba675a7b027fca002
1118,/n/groups/gentb_www/predictData/tbdata_00001118,2bb733ff8f5e74d4827b363802771740
1117,/n/groups/gentb_www/predictData/tbdata_00001117,76a7d273122807d7bd9958820bbb9e7d
1116,/n/groups/gentb_www/predictData/tbdata_00001116,21f6aa06ee56d953129c3a9c1009b299
1115,/n/groups/gentb_www/predictData/tbdata_00001115,0a225869b956301227764d9c347a4df8
1114,/n/groups/gentb_www/predictData/tbdata_00001114,9fa609902e4ec84c3f83a61a2530b081
1113,/n/groups/gentb_www/predictData/tbdata_00001113,54d78bfd8b667903b63ac2c1026db233
1112,/n/groups/gentb_www/predictData/tbdata_00001112,0805b8ec102a7dff7f5876bbaf45286c
1111,/n/groups/gentb_www/predictData/tbdata_00001111,0135bb7537b66e414483373c8400d930
1110,/n/groups/gentb_www/predictData/tbdata_00001110,b595667031fafcf78b3442729df484c2
1109,/n/groups/gentb_www/predictData/tbdata_00001109,1f6d7adda9a540ba57632abf190674dd
1108,/n/groups/gentb_www/predictData/tbdata_00001108,cfcf03061498a8bc7e5373d96ae4bc88
1107,/n/groups/gentb_www/predictData/tbdata_00001107,9e5042874991a6277303ee9510a81e60
1106,/n/groups/gentb_www/predictData/tbdata_00001106,cfe58d57796edbc7c227c8581aed7303
1105,/n/groups/gentb_www/predictData/tbdata_00001105,d3e839468b816be41911935f7c615f3a
1104,/n/groups/gentb_www/predictData/tbdata_00001104,5f74a662a030f229b2806d458d36d0f2
1103,/n/groups/gentb_www/predictData/tbdata_00001103,f9cac6d5c3f8f7f6f6bfb94b391a4080
1102,/n/groups/gentb_www/predictData/tbdata_00001102,a39cfdfaf987eb15dd6750450df89aaf
1101,/n/groups/gentb_www/predictData/tbdata_00001101,14e13f25d3fdeddb03fabe8c310f2df4
1100,/n/groups/gentb_www/predictData/tbdata_00001100,e5ba2126a6116fc424e96813b75357da
1099,/n/groups/gentb_www/predictData/tbdata_00001099,ec784cae96a9bd62c11efeb4e5baa46c
1098,/n/groups/gentb_www/predictData/tbdata_00001098,bae2eb70234a138d285be08d9761ff88
1097,/n/groups/gentb_www/predictData/tbdata_00001097,6ba8e8b5733ed2e2416b53d5b143af92
1096,/n/groups/gentb_www/predictData/tbdata_00001096,616cca6f653f60c67204838ad9fceec7
1095,/n/groups/gentb_www/predictData/tbdata_00001095,5004070f5895e2497c13b8c673ee11c1
1094,/n/groups/gentb_www/predictData/tbdata_00001094,dc84c84ac0441379621a33d554c2adf7
1093,/n/groups/gentb_www/predictData/tbdata_00001093,b24a41394bb528cc4d7d89a3b556d1af
1092,/n/groups/gentb_www/predictData/tbdata_00001092,5b63ab774b540006c261739308a26f23
1091,/n/groups/gentb_www/predictData/tbdata_00001091,9c6c1d80464a623f674393afbf8fb351
1090,/n/groups/gentb_www/predictData/tbdata_00001090,90e36167908f582319e365aaab24e9d0
1089,/n/groups/gentb_www/predictData/tbdata_00001089,2e4501dfe4b0715ba86c9a9ce3f99a71
1088,/n/groups/gentb_www/predictData/tbdata_00001088,0844d84106dbe5e5220c280ff2ac705f
1087,/n/groups/gentb_www/predictData/tbdata_00001087,c5cbb2b6181ba74a3111e13feee944da
1086,/n/groups/gentb_www/predictData/tbdata_00001086,eca58cda1f366cd649f3c895fca475fc
1085,/n/groups/gentb_www/predictData/tbdata_00001085,3e56308effc6e48204e41f26615a5ee4
1084,/n/groups/gentb_www/predictData/tbdata_00001084,8c7421aa21bd82afc605657b424509fb
1083,/n/groups/gentb_www/predictData/tbdata_00001083,1141427356d99ded2ef7aaebddc3eb91
1082,/n/groups/gentb_www/predictData/tbdata_00001082,232db91b72bde68cdf1b987da0d15bc7
1081,/n/groups/gentb_www/predictData/tbdata_00001081,5496bcf8de86129cf79bb19d4b100b9f
1080,/n/groups/gentb_www/predictData/tbdata_00001080,cc408d62f394e603f95afa916bdf3a93
1079,/n/groups/gentb_www/predictData/tbdata_00001079,c056acebbf5fce5615f185a13d691f73
1078,/n/groups/gentb_www/predictData/tbdata_00001078,8bfaa48031f974d6477bdee06682795e
1077,/n/groups/gentb_www/predictData/tbdata_00001077,5a6818164ba5141096faafde276e16a7
1076,/n/groups/gentb_www/predictData/tbdata_00001076,e37f47aeae25523cc88cf9dd7e741c7f
1075,/n/groups/gentb_www/predictData/tbdata_00001075,1eee99f8103beb64adce04a3d8643411
1074,/n/groups/gentb_www/predictData/tbdata_00001074,ab0ee85d46f1dd8c1447d5819fff9bcc
1073,/n/groups/gentb_www/predictData/tbdata_00001073,1b96cd263a4c7f440882a1440d0ae7c2
1072,/n/groups/gentb_www/predictData/tbdata_00001072,751ff1f2129480624213a0047955b86c
1071,/n/groups/gentb_www/predictData/tbdata_00001071,8bd387241a3530d9252390e3c2a1b066
1070,/n/groups/gentb_www/predictData/tbdata_00001070,5b79fcf18f73f86223c3c14de9a42231
1069,/n/groups/gentb_www/predictData/tbdata_00001069,10cad0e238e1e8f24de22e31ea450704
1068,/n/groups/gentb_www/predictData/tbdata_00001068,2e1cc4f5a77334f54f476017df754d40
1067,/n/groups/gentb_www/predictData/tbdata_00001067,2f787a51cbdb8bd5d5b0301c1055efa7
1066,/n/groups/gentb_www/predictData/tbdata_00001066,517911ef8dab10503e29085d0778f828
1065,/n/groups/gentb_www/predictData/tbdata_00001065,d3e54adff4fc4a957954eeec83a78c54
1064,/n/groups/gentb_www/predictData/tbdata_00001064,21e96af3907e70d8287d8e1765a29777
1063,/n/groups/gentb_www/predictData/tbdata_00001063,de6cf8bbcb5a1b1f6ecf241647193fde
1062,/n/groups/gentb_www/predictData/tbdata_00001062,31eed51a42b4906e0f2ede82e0b46072
1061,/n/groups/gentb_www/predictData/tbdata_00001061,d842313b5f36d11fb6182d152b7a04a3
1060,/n/groups/gentb_www/predictData/tbdata_00001060,8b897b0dba008b9565971c1bd62bd5ce
1059,/n/groups/gentb_www/predictData/tbdata_00001059,bf06256f5a3cf8a41788524c683eb30d
1058,/n/groups/gentb_www/predictData/tbdata_00001058,47c1ff5f596289db1573aa5b2d17b386
1057,/n/groups/gentb_www/predictData/tbdata_00001057,9b10cc294ea13b921cd151851396a3ba
1056,/n/groups/gentb_www/predictData/tbdata_00001056,719b9e34ed41b08b7f3e66fde0c8d9b9
1055,/n/groups/gentb_www/predictData/tbdata_00001055,96990506ad30e52df6bde53feb548172
1054,/n/groups/gentb_www/predictData/tbdata_00001054,94542b29cea9a24b1f7e42fe99a96218
1053,/n/groups/gentb_www/predictData/tbdata_00001053,6185c400efe0bf2d35391593119fc5a6
1052,/n/groups/gentb_www/predictData/tbdata_00001052,bf77e8e4bb258cebbff1d4fe7f0a944d
1051,/n/groups/gentb_www/predictData/tbdata_00001051,bca8268ed59e9221f730dda20478ab17
1050,/n/groups/gentb_www/predictData/tbdata_00001050,4967dddf71ad7944b003fdf52005a266
1049,/n/groups/gentb_www/predictData/tbdata_00001049,01e9411fcef37e47fab0cdf6b67b9088
1048,/n/groups/gentb_www/predictData/tbdata_00001048,d542b00139bfcfaf151fd5212926d184
1047,/n/groups/gentb_www/predictData/tbdata_00001047,ce2d72a4643e2e5b87cd5a898e6a1398
1046,/n/groups/gentb_www/predictData/tbdata_00001046,82f462d123c54e340d61ad1f6c49420a
1045,/n/groups/gentb_www/predictData/tbdata_00001045,0670d0039c66c764a12d82f29b1bb08d
1044,/n/groups/gentb_www/predictData/tbdata_00001044,db5fe34a7a58e2ad04743ab48eb15e9a
1043,/n/groups/gentb_www/predictData/tbdata_00001043,0058cd7f4e59ccb554dfca4959bb9493
1042,/n/groups/gentb_www/predictData/tbdata_00001042,a1db6468ecb6490384754452441bdf74
1041,/n/groups/gentb_www/predictData/tbdata_00001041,6c9ef20ca7fda39df42cf226729ab2a8
1040,/n/groups/gentb_www/predictData/tbdata_00001040,5b62ad4d0b51e984bc0a33216f3e6726
1039,/n/groups/gentb_www/predictData/tbdata_00001039,3f3f918c7bb3851e2a91ac1400f396ed
1038,/n/groups/gentb_www/predictData/tbdata_00001038,2c7639f6f5c71430f15ccb2bf13d2f55
1037,/n/groups/gentb_www/predictData/tbdata_00001037,99d52901fa420a4f66f462513c3c8078
1036,/n/groups/gentb_www/predictData/tbdata_00001036,b39347112325239353fa7eb66eb9c967
1035,/n/groups/gentb_www/predictData/tbdata_00001035,5dabb9b81d772ee19ebe7bae2b8374c0
1034,/n/groups/gentb_www/predictData/tbdata_00001034,96d0c03ef45ad96c91e2a88f84997d6b
1033,/n/groups/gentb_www/predictData/tbdata_00001033,58b355dde5695d3dea63e60e144d0b0e
1032,/n/groups/gentb_www/predictData/tbdata_00001032,d94af504ff2843fb062e9662cb5b0d89
1031,/n/groups/gentb_www/predictData/tbdata_00001031,4d56bec3a8fa869514ea578691b86367
1030,/n/groups/gentb_www/predictData/tbdata_00001030,48d437af2e85387d9f2123da20b2c53c
1029,/n/groups/gentb_www/predictData/tbdata_00001029,3c7c37122643dd0ac3ae15e7d403b8ca
1028,/n/groups/gentb_www/predictData/tbdata_00001028,f867e0bc439e9ebecd97c616e43ba77d
1027,/n/groups/gentb_www/predictData/tbdata_00001027,dc91e586d8e583080b90d322409428c2
1026,/n/groups/gentb_www/predictData/tbdata_00001026,b490c572b3c45b31d4cd02634b477541
1025,/n/groups/gentb_www/predictData/tbdata_00001025,88524e6327a0bd5ff7cc03f86846a15e
1024,/n/groups/gentb_www/predictData/tbdata_00001024,ff975f9c0ffd42c090689417f0b5724f
1023,/n/groups/gentb_www/predictData/tbdata_00001023,203ac7b22003c06bb651d9822e5d3b91
1022,/n/groups/gentb_www/predictData/tbdata_00001022,dca8c2f6c029cceaccfa54e2253a7ec1
1021,/n/groups/gentb_www/predictData/tbdata_00001021,d466892cfc01e3aaaa745edb0f46997c
1020,/n/groups/gentb_www/predictData/tbdata_00001020,882a65c71cdfc0a9f14f6b1d65fbe41e
1019,/n/groups/gentb_www/predictData/tbdata_00001019,3d200eda14956265db972d082cdbb6d8
1018,/n/groups/gentb_www/predictData/tbdata_00001018,acf0c0a8e4f68f1a5222f0523a5fd60f
1017,/n/groups/gentb_www/predictData/tbdata_00001017,6f0d62221cf41fd6602b488f5c92b580
1016,/n/groups/gentb_www/predictData/tbdata_00001016,9d99cd52a1fbe05e85a715ebd4a5f282
1015,/n/groups/gentb_www/predictData/tbdata_00001015,10fd76a69ded18cf5261a2acf2db033b
1014,/n/groups/gentb_www/predictData/tbdata_00001014,59d5a6ed836faf42aa8695ee32f16c40
1013,/n/groups/gentb_www/predictData/tbdata_00001013,c776702d2338284c9cf44cab26ba49ee
1012,/n/groups/gentb_www/predictData/tbdata_00001012,9cc1cbb2a891cdbca141e49c01e54167
1011,/n/groups/gentb_www/predictData/tbdata_00001011,7405bb4b4f97662f0f52a121f5310fc4
1010,/n/groups/gentb_www/predictData/tbdata_00001010,30eec1a2f4f7c87238a6ad463e8c1d76
1009,/n/groups/gentb_www/predictData/tbdata_00001009,160629afbd39a759efbb337f5247a024
1008,/n/groups/gentb_www/predictData/tbdata_00001008,8bf62e6572b364ccef5e61f2dc494895
1007,/n/groups/gentb_www/predictData/tbdata_00001007,61f129ea343b375fd193329732decfcc
1006,/n/groups/gentb_www/predictData/tbdata_00001006,9da9b22849ff8a0a0a8ab7a2defb1686
1005,/n/groups/gentb_www/predictData/tbdata_00001005,8a5a5cbb637dc6fd7e295c9617ebb174
1004,/n/groups/gentb_www/predictData/tbdata_00001004,82279ef01546256f25749a94e9da031a
1003,/n/groups/gentb_www/predictData/tbdata_00001003,ccd635505eb477255779210fd4a429f7
1002,/n/groups/gentb_www/predictData/tbdata_00001002,07f550d6b99dc38ded6e72e0ab845f12
1001,/n/groups/gentb_www/predictData/tbdata_00001001,641a703e37ac5441438b9434060a7710
1000,/n/groups/gentb_www/predictData/tbdata_00001000,1a656296c7a261b16b90053ec81760f0
999,/n/groups/gentb_www/predictData/tbdata_00000999,4a4631bf761f424a328489e3bbd066c4
998,/n/groups/gentb_www/predictData/tbdata_00000998,7f04ce0f5044e8983fdd1cd4c9814da6
997,/n/groups/gentb_www/predictData/tbdata_00000997,61d7f48d30fb2e4aeab23ab46b652915
996,/n/groups/gentb_www/predictData/tbdata_00000996,2c9d4899e08b612f024ac1100d5f811b
995,/n/groups/gentb_www/predictData/tbdata_00000995,2b513ffcc067998960bbbd5055edabb0
994,/n/groups/gentb_www/predictData/tbdata_00000994,f87f119f15e6b3ec421d799fb59fa809
993,/n/groups/gentb_www/predictData/tbdata_00000993,25cd8557d845270c6962ef57d00b366e
992,/n/groups/gentb_www/predictData/tbdata_00000992,c9074190cd0862fa2f481fed0f3bee15
991,/n/groups/gentb_www/predictData/tbdata_00000991,52371b0e4ec6f3b1ab6193955c4c7d0d
990,/n/groups/gentb_www/predictData/tbdata_00000990,a8514a564a3932938723a4844a9e924c
989,/n/groups/gentb_www/predictData/tbdata_00000989,8c4aa4c8c4509ada7026f2213c80c01e
988,/n/groups/gentb_www/predictData/tbdata_00000988,4a87f4186ca9a520e4fa204ea65359ad
987,/n/groups/gentb_www/predictData/tbdata_00000987,4ec81f30f1acf71f00a9fe725e8ee9ed
986,/n/groups/gentb_www/predictData/tbdata_00000986,f06fb04ad0a25c97a38e82219e09dcfc
985,/n/groups/gentb_www/predictData/tbdata_00000985,28eb22b4ed8cb4ad728f1de0c2415d1a
984,/n/groups/gentb_www/predictData/tbdata_00000984,49f689ce7d20758c11f5f4fc47ab72f5
983,/n/groups/gentb_www/predictData/tbdata_00000983,258d73b27460947a8a3889a74a6ac6d7
982,/n/groups/gentb_www/predictData/tbdata_00000982,1ce51028886da768458aedc10eb11725
981,/n/groups/gentb_www/predictData/tbdata_00000981,8397b728348852a6a074cfbeaab865d4
980,/n/groups/gentb_www/predictData/tbdata_00000980,010d85903d2aac479646e654a743c8d3
979,/n/groups/gentb_www/predictData/tbdata_00000979,db2209f83f3da35591d0dc87d8548ab3
978,/n/groups/gentb_www/predictData/tbdata_00000978,9ea59f5feb4899f76382b8f20be4f434
977,/n/groups/gentb_www/predictData/tbdata_00000977,67ab5b80172ebb2fba09d674d1d8796f
976,/n/groups/gentb_www/predictData/tbdata_00000976,c422e8f978738bbca913dc524bc4b08a
975,/n/groups/gentb_www/predictData/tbdata_00000975,200410f33b99d2ce6dce9a002c2044b0
974,/n/groups/gentb_www/predictData/tbdata_00000974,4195fbd1e01291dd5808beddae99f520
973,/n/groups/gentb_www/predictData/tbdata_00000973,2b52d5f6ae9cbf1c90ade9e58c36c17e
972,/n/groups/gentb_www/predictData/tbdata_00000972,a5e562992ee69bd42d83e815f66c251d
971,/n/groups/gentb_www/predictData/tbdata_00000971,0ec9e02b07405b5651f5a79f23b2f395
970,/n/groups/gentb_www/predictData/tbdata_00000970,1b0ff56c37cf074b3aa6fd81f210d96d
969,/n/groups/gentb_www/predictData/tbdata_00000969,56aac786865088162f6db14a60c87e8b
968,/n/groups/gentb_www/predictData/tbdata_00000968,041ebbb187df33154ad9d41c9a39ad95
967,/n/groups/gentb_www/predictData/tbdata_00000967,b557244e8b5e886685d8b075813a6091
966,/n/groups/gentb_www/predictData/tbdata_00000966,b2ba3abdb28ea1f3c42448901aeb4235
965,/n/groups/gentb_www/predictData/tbdata_00000965,6252aded3f5310f3f802e31bd335aed3
964,/n/groups/gentb_www/predictData/tbdata_00000964,429ed6a876064a698875c79fd018cfde
963,/n/groups/gentb_www/predictData/tbdata_00000963,bce83b01632662b75ca38bd36e4a87c6
962,/n/groups/gentb_www/predictData/tbdata_00000962,8f49a06c66131169c080fe5d7a2354e1
961,/n/groups/gentb_www/predictData/tbdata_00000961,0e7b9133b935718a1fc60a15fc9df3c8
960,/n/groups/gentb_www/predictData/tbdata_00000960,f85709b3aa85c1edad1d2a359e8c9913
959,/n/groups/gentb_www/predictData/tbdata_00000959,1ab7399d01b961384bc51a10ed70aaa9
958,/n/groups/gentb_www/predictData/tbdata_00000958,99962ecdfe2196cfe019d0789ec2d408
957,/n/groups/gentb_www/predictData/tbdata_00000957,01ff4429c682272779c3aac3b91f002a
956,/n/groups/gentb_www/predictData/tbdata_00000956,d5e9987ed3e88384fbf3986d6fe4bf60
955,/n/groups/gentb_www/predictData/tbdata_00000955,67ad4113ae200c56e74d7177b37d9469
954,/n/groups/gentb_www/predictData/tbdata_00000954,349fccdf170901ee8b96c5db17d8fd9a
953,/n/groups/gentb_www/predictData/tbdata_00000953,b3f26989d179448ecd6eeb5b0ed30858
952,/n/groups/gentb_www/predictData/tbdata_00000952,141f35e01ec83f70e41677b345d185da
951,/n/groups/gentb_www/predictData/tbdata_00000951,0eb7121e7084a0f3007475d837e1bcac
950,/n/groups/gentb_www/predictData/tbdata_00000950,c5370a6df69fc3662915534621468d6a
949,/n/groups/gentb_www/predictData/tbdata_00000949,6e3551775c5ab949533b7c74a5eceeec
948,/n/groups/gentb_www/predictData/tbdata_00000948,eb6e2e97492f4d460ea40cfc98b6f3d9
947,/n/groups/gentb_www/predictData/tbdata_00000947,7f4f802664cd6179b4f95e1755fa6d79
946,/n/groups/gentb_www/predictData/tbdata_00000946,6dde03c290957a8a7ebaac1d0b5ddfd1
945,/n/groups/gentb_www/predictData/tbdata_00000945,85631bee57e230a49f0dea7090618d0b
944,/n/groups/gentb_www/predictData/tbdata_00000944,0bedd129b19bd51b727c9fd4c4cd178c
943,/n/groups/gentb_www/predictData/tbdata_00000943,021e85b620b28641e4ff003c7a76c8e0
942,/n/groups/gentb_www/predictData/tbdata_00000942,ec1e28dc996e7d39d7535a730ead176e
941,/n/groups/gentb_www/predictData/tbdata_00000941,b66ee93b28797822efb0797073030a08
940,/n/groups/gentb_www/predictData/tbdata_00000940,20e5aced2e6a37aaee8c379e15ba79cf
939,/n/groups/gentb_www/predictData/tbdata_00000939,55db006f79c57bda3cc73cf26f7e944f
938,/n/groups/gentb_www/predictData/tbdata_00000938,5a0e81c0e74b19eb674993bfaa314769
937,/n/groups/gentb_www/predictData/tbdata_00000937,4fc93c3ab3cbbd0bbbc58b8c623578fb
936,/n/groups/gentb_www/predictData/tbdata_00000936,5380a883dd7d5b47e6f5f503e57fad73
935,/n/groups/gentb_www/predictData/tbdata_00000935,82ce793b52b4f8893511fbdd2cd97e81
934,/n/groups/gentb_www/predictData/tbdata_00000934,bf075a2e5050f9fb0e8c0726f9a6e082
933,/n/groups/gentb_www/predictData/tbdata_00000933,a7bef9a8e31d3aa29e48f1a06ac84da1
932,/n/groups/gentb_www/predictData/tbdata_00000932,779af531195906f7e3a74c6fc374992e
931,/n/groups/gentb_www/predictData/tbdata_00000931,24544832f1bba6e0c9bd466c890cd4c6
930,/n/groups/gentb_www/predictData/tbdata_00000930,7b71bd6971bae6279c611cbf01e3c838
929,/n/groups/gentb_www/predictData/tbdata_00000929,d39318ec050f5bd973c737312a16975d
928,/n/groups/gentb_www/predictData/tbdata_00000928,594c1f600369f9658c54647f345965f0
927,/n/groups/gentb_www/predictData/tbdata_00000927,b9ea1a44e47aa582b414f0b018c2ea43
926,/n/groups/gentb_www/predictData/tbdata_00000926,b57f3704cf589f8e39bffb29d85810d9
925,/n/groups/gentb_www/predictData/tbdata_00000925,429ee1a31071603dec15273b60ea93fd
924,/n/groups/gentb_www/predictData/tbdata_00000924,44954e297ef0e2509162df7cec3ecbc0
923,/n/groups/gentb_www/predictData/tbdata_00000923,0f77f1536acb7d6addacabfad90ff78a
922,/n/groups/gentb_www/predictData/tbdata_00000922,5245244671b495c35b39c947c14a3e90
921,/n/groups/gentb_www/predictData/tbdata_00000921,6335130f0c42cafb9ff01a181e577209
920,/n/groups/gentb_www/predictData/tbdata_00000920,7fadb29d516d2e0ed7dc9184443ef640
919,/n/groups/gentb_www/predictData/tbdata_00000919,32a692ae94cb90f6f1d2c7924db4b816
918,/n/groups/gentb_www/predictData/tbdata_00000918,901ec8faf042537f2dc1e72345b156d5
917,/n/groups/gentb_www/predictData/tbdata_00000917,0163889384903e67690365fa1edfab76
916,/n/groups/gentb_www/predictData/tbdata_00000916,58f1f3902cda4f27428473140cfd4ddb
915,/n/groups/gentb_www/predictData/tbdata_00000915,57f2dac79d6a1d8fd6e4b35703e93057
914,/n/groups/gentb_www/predictData/tbdata_00000914,2bd6151ecca6e3f73c41d7f0f32f62aa
913,/n/groups/gentb_www/predictData/tbdata_00000913,0420682c60ec5e8b4497cdc0b09fd91d
912,/n/groups/gentb_www/predictData/tbdata_00000912,03d0c72747b05f1b2e003c1af788fd1a
911,/n/groups/gentb_www/predictData/tbdata_00000911,a91393e108c64ead51942c8f904191f4
910,/n/groups/gentb_www/predictData/tbdata_00000910,85e86b3a5b22b6e4ad1d84bced7b300f
909,/n/groups/gentb_www/predictData/tbdata_00000909,ad325e58ff45017c8a643d4ff547acad
908,/n/groups/gentb_www/predictData/tbdata_00000908,44730ba4280fcd59e399ffb061de3d66
907,/n/groups/gentb_www/predictData/tbdata_00000907,a06278ca1801b21752c2a59367d1ba0d
906,/n/groups/gentb_www/predictData/tbdata_00000906,9d48df135edffb3b570eb3a690204cef
905,/n/groups/gentb_www/predictData/tbdata_00000905,fd3900c839d8f0640837a2a5732072bb
904,/n/groups/gentb_www/predictData/tbdata_00000904,93731297e733f09ad1636584623280c7
903,/n/groups/gentb_www/predictData/tbdata_00000903,d0ef5f78a080b1ba3159ab1768f215b5
902,/n/groups/gentb_www/predictData/tbdata_00000902,26b228510db9ff7ad964f01af427e452
901,/n/groups/gentb_www/predictData/tbdata_00000901,e419502d7ab47022c2d71a7e89bc8094
900,/n/groups/gentb_www/predictData/tbdata_00000900,fab59af6a2b23f24b0d7c769782e6c07
899,/n/groups/gentb_www/predictData/tbdata_00000899,db94e68a0105a023f44d2062fed9fe3b
898,/n/groups/gentb_www/predictData/tbdata_00000898,cb3efd48cefe8cd9ce7b811cd3321553
897,/n/groups/gentb_www/predictData/tbdata_00000897,62edbe03470d5b792e7ffa3d0947ebbc
896,/n/groups/gentb_www/predictData/tbdata_00000896,367ff4024b2462a2e9851c8a4c81455b
895,/n/groups/gentb_www/predictData/tbdata_00000895,c2cf4518ae8587b814805829c6a53024
894,/n/groups/gentb_www/predictData/tbdata_00000894,ae5a3322a04fc21b8c6e44396cbdf16c
893,/n/groups/gentb_www/predictData/tbdata_00000893,718839610f9208524814d41ef9eb12a0
892,/n/groups/gentb_www/predictData/tbdata_00000892,6f85fa2d2c17b76f050b75121b5f0b2f
891,/n/groups/gentb_www/predictData/tbdata_00000891,9026cc9b8aef0591bfd8cdf9582598c4
890,/n/groups/gentb_www/predictData/tbdata_00000890,9e6ebe18134169b2e3d8498c6aca11b1
889,/n/groups/gentb_www/predictData/tbdata_00000889,2bf5a94648cfcdd1ad448b3ce9304cb5
888,/n/groups/gentb_www/predictData/tbdata_00000888,b0500b5d39484585d9b14260f9fc440b
887,/n/groups/gentb_www/predictData/tbdata_00000887,9e74a5b79099512fa491fba842b67a33
886,/n/groups/gentb_www/predictData/tbdata_00000886,9c31d3569e41165ef1b72b9ff1abbcfd
885,/n/groups/gentb_www/predictData/tbdata_00000885,8a5533f39c086eaef08e235ba275322d
884,/n/groups/gentb_www/predictData/tbdata_00000884,2d5afc9a494e4cbf0ca8583258363f9e
883,/n/groups/gentb_www/predictData/tbdata_00000883,8e239d8eaa9758f04854f7db2ecb5cbc
882,/n/groups/gentb_www/predictData/tbdata_00000882,4cc057079c54e686b297926b4ed07bc1
881,/n/groups/gentb_www/predictData/tbdata_00000881,ee831e243a3f973c6d9ac7562d61226f
880,/n/groups/gentb_www/predictData/tbdata_00000880,18a9c55b1b4c22d0daa4a1b4a7b3baa0
879,/n/groups/gentb_www/predictData/tbdata_00000879,fb365be21ee76dd9e6b68fff4374cfb6
878,/n/groups/gentb_www/predictData/tbdata_00000878,c284b4e0d413cc071a68cfbf7ec134eb
877,/n/groups/gentb_www/predictData/tbdata_00000877,986107d00201934d4124a19077578fd2
876,/n/groups/gentb_www/predictData/tbdata_00000876,f78f13e6245cd2588a868ab98328fb67
875,/n/groups/gentb_www/predictData/tbdata_00000875,3bc9f4476338740d25772dccb03bf524
874,/n/groups/gentb_www/predictData/tbdata_00000874,061555c4ef239de0e6e5c48bbd796b2e
873,/n/groups/gentb_www/predictData/tbdata_00000873,6e110c4a1eaf8ad11138da7153408427
872,/n/groups/gentb_www/predictData/tbdata_00000872,85b3c37525ed028f90113e8edb04cb4e
871,/n/groups/gentb_www/predictData/tbdata_00000871,735e6b6fe0acf2d99e49ad83e2efaf10
870,/n/groups/gentb_www/predictData/tbdata_00000870,996706ffa633f6720797f92f86291170
869,/n/groups/gentb_www/predictData/tbdata_00000869,cbf5fda1d7d6e543e0eb506ab97a5730
868,/n/groups/gentb_www/predictData/tbdata_00000868,9d96e2bf3413912c9440ee76906cd27f
867,/n/groups/gentb_www/predictData/tbdata_00000867,6aae5a5e9aa1c6ce551c36c654bae49f
866,/n/groups/gentb_www/predictData/tbdata_00000866,22fb6c9399b07665599d694445880ed2
865,/n/groups/gentb_www/predictData/tbdata_00000865,31d6afa857283d9ec400f276b66245f1
864,/n/groups/gentb_www/predictData/tbdata_00000864,e27efaca0c0fcc3267af73676c65dc12
863,/n/groups/gentb_www/predictData/tbdata_00000863,d9948fff04558b1b3142086c4e910eea
862,/n/groups/gentb_www/predictData/tbdata_00000862,3515b3229a67aef6d3c27dd4b28faf94
861,/n/groups/gentb_www/predictData/tbdata_00000861,72e66a002c9fb13ecb75ee69d8753e73
860,/n/groups/gentb_www/predictData/tbdata_00000860,7d94d9c3b0606a6105f51b6e3e877c4e
859,/n/groups/gentb_www/predictData/tbdata_00000859,f3d75b0033ad526bd76170181bd53c40
858,/n/groups/gentb_www/predictData/tbdata_00000858,ebc805222f3438147955562d43c9d806
857,/n/groups/gentb_www/predictData/tbdata_00000857,17f863c9c599faecbf04345b5fec2dbc
856,/n/groups/gentb_www/predictData/tbdata_00000856,9898fbad9e2221410d99fc4e119da5d8
855,/n/groups/gentb_www/predictData/tbdata_00000855,5b4926e5a74356ba00a19d868f13b2f1
854,/n/groups/gentb_www/predictData/tbdata_00000854,132ed12cbbd1f5270a6d765ddcef08f4
853,/n/groups/gentb_www/predictData/tbdata_00000853,237d0b1c0711a0c357ebd76c27d1e85d
852,/n/groups/gentb_www/predictData/tbdata_00000852,a7800316340a011f6074fc7dcae162fa
851,/n/groups/gentb_www/predictData/tbdata_00000851,6ca0b5f6d182ed47cb3ee8152517d5ac
850,/n/groups/gentb_www/predictData/tbdata_00000850,3d2e5858cd227a50fa40cea3e3f681b9
849,/n/groups/gentb_www/predictData/tbdata_00000849,ebfffb0a6bd1df425d253de90774614f
848,/n/groups/gentb_www/predictData/tbdata_00000848,2202d37eb617bc9136b157080dac8b59
847,/n/groups/gentb_www/predictData/tbdata_00000847,4d458ce59365709cc850b8d3824644fa
846,/n/groups/gentb_www/predictData/tbdata_00000846,309940123aa19d74e81043d02738447f
845,/n/groups/gentb_www/predictData/tbdata_00000845,b6940a78b0ceddd94946054022f4b64b
844,/n/groups/gentb_www/predictData/tbdata_00000844,31c0286f229c7d228c6c7906fa64d75c
843,/n/groups/gentb_www/predictData/tbdata_00000843,0b1dd449e666d53b2cf86241ae3e36e2
842,/n/groups/gentb_www/predictData/tbdata_00000842,a9c3bda98427c9b528160d3a8f64835d
841,/n/groups/gentb_www/predictData/tbdata_00000841,8f4de9e2fdf1cbf4d51014e9dcad8777
840,/n/groups/gentb_www/predictData/tbdata_00000840,01c7928add0e80a518ed1e55637c2cfe
839,/n/groups/gentb_www/predictData/tbdata_00000839,fb746da40b8c4a5caf59f2a08aa706e0
838,/n/groups/gentb_www/predictData/tbdata_00000838,74d20875a63e7618322bdedacb0f284a
837,/n/groups/gentb_www/predictData/tbdata_00000837,67924172295b8a08a98b87372259f6be
836,/n/groups/gentb_www/predictData/tbdata_00000836,9eb517cb9d78b4ab10c16f12dec523e4
835,/n/groups/gentb_www/predictData/tbdata_00000835,04f5703fe535ce3158738c5448ff4fee
834,/n/groups/gentb_www/predictData/tbdata_00000834,4e247ec9852e88dfa53c60e1c181930d
833,/n/groups/gentb_www/predictData/tbdata_00000833,40515525ea99f47c6d011186625d3aa7
832,/n/groups/gentb_www/predictData/tbdata_00000832,82ffe07b80ba86bb93f31f3a881d127e
831,/n/groups/gentb_www/predictData/tbdata_00000831,54e6865472c4300988c2355aad279d8c
830,/n/groups/gentb_www/predictData/tbdata_00000830,f985d35c1ebae29cd80fce432516885b
829,/n/groups/gentb_www/predictData/tbdata_00000829,3fe869d4b2b7a9f165aa601495cc2a6b
828,/n/groups/gentb_www/predictData/tbdata_00000828,ee062e0c9ac0fb05222e8a56ef7ee907
827,/n/groups/gentb_www/predictData/tbdata_00000827,5e149be235334efd68bb88c2fc696107
826,/n/groups/gentb_www/predictData/tbdata_00000826,90202e7aeb01450a139415dacf480d5f
825,/n/groups/gentb_www/predictData/tbdata_00000825,3579e272af3587193589b4bc1437f1fd
824,/n/groups/gentb_www/predictData/tbdata_00000824,8f91f6d55582522e82731fcccf3adaed
823,/n/groups/gentb_www/predictData/tbdata_00000823,51e83b7e4f301e4fc8e54f06968b8976
822,/n/groups/gentb_www/predictData/tbdata_00000822,dab152f82446b1c83879e0a528748e43
821,/n/groups/gentb_www/predictData/tbdata_00000821,d284941bec8ca1f4485335088394344c
820,/n/groups/gentb_www/predictData/tbdata_00000820,8a9f87566d68e9109f1e639aefed5bec
819,/n/groups/gentb_www/predictData/tbdata_00000819,d56f27c6ba7ff34e57784cdd724be98a
818,/n/groups/gentb_www/predictData/tbdata_00000818,9466e8a44b086666647bd460d6bce1f4
817,/n/groups/gentb_www/predictData/tbdata_00000817,d4586092c386512d31820e4d29aa88dd
816,/n/groups/gentb_www/predictData/tbdata_00000816,b14b1a29bf6c3384a1cc637f87ef94c1
815,/n/groups/gentb_www/predictData/tbdata_00000815,9b809c212cd12a0b0b85baafc6cb3183
814,/n/groups/gentb_www/predictData/tbdata_00000814,b49b6d2d107462fb4015c07abf94307d
813,/n/groups/gentb_www/predictData/tbdata_00000813,5f09aebf8335e362e203fdb1c4bc06e8
812,/n/groups/gentb_www/predictData/tbdata_00000812,2a21b13cf73b6aa51a16893e4345ad2f
811,/n/groups/gentb_www/predictData/tbdata_00000811,edab8af5b55c0192ba38003d21b1aaa7
810,/n/groups/gentb_www/predictData/tbdata_00000810,2dfe3900399de575d279e079f7cccd68
809,/n/groups/gentb_www/predictData/tbdata_00000809,ff78bd6826354d3b9cfe979b66577e97
808,/n/groups/gentb_www/predictData/tbdata_00000808,7eabf5157048a97aa0c4c5f4c9714ea4
807,/n/groups/gentb_www/predictData/tbdata_00000807,7c345d4588f39d41355c22736897385a
806,/n/groups/gentb_www/predictData/tbdata_00000806,02721b02c9caab23d35f8c0e12034875
805,/n/groups/gentb_www/predictData/tbdata_00000805,ad6ab3d1b16d584f3dbc5c2c1b276cef
804,/n/groups/gentb_www/predictData/tbdata_00000804,e15271110786ddd03e6c299aa5ff9aec
803,/n/groups/gentb_www/predictData/tbdata_00000803,0eb30e172b3f7d96948f7a2f6e914f0f
802,/n/groups/gentb_www/predictData/tbdata_00000802,6abdc4ea0a45c731548c55621dcda3c3
801,/n/groups/gentb_www/predictData/tbdata_00000801,f888b754cad370020464b131a4e66c4c
800,/n/groups/gentb_www/predictData/tbdata_00000800,b1e8908d89a1ad733767a64e964d99a1
799,/n/groups/gentb_www/predictData/tbdata_00000799,c0d6ead4a261fd3962e2d5d9d21482ee
798,/n/groups/gentb_www/predictData/tbdata_00000798,0f1bd306b3c156ef92f5ea02a138faf1
797,/n/groups/gentb_www/predictData/tbdata_00000797,c9dd4a9d2616a0adea918154e6efdcc5
796,/n/groups/gentb_www/predictData/tbdata_00000796,807b229d96a715da1dc1169544880d21
795,/n/groups/gentb_www/predictData/tbdata_00000795,7c458c14d672ec9a3eee9b259848e1cf
794,/n/groups/gentb_www/predictData/tbdata_00000794,616e950d8b762b64c46bd2b0389c03fc
793,/n/groups/gentb_www/predictData/tbdata_00000793,0cbb888292784475fbbb576ab9947655
792,/n/groups/gentb_www/predictData/tbdata_00000792,ea0a8b7ede270adf11e0a185bbeeea9e
791,/n/groups/gentb_www/predictData/tbdata_00000791,8b14d36b5c2196dfc992143b99e54ef1
790,/n/groups/gentb_www/predictData/tbdata_00000790,3214c34ed8d08cbff7bcdb4c6fd4d134
789,/n/groups/gentb_www/predictData/tbdata_00000789,629c20fa6465605ed3cf7bb89277991a
788,/n/groups/gentb_www/predictData/tbdata_00000788,a39ad87c9ed3e4a215dae07bd9d2f0d7
787,/n/groups/gentb_www/predictData/tbdata_00000787,8e90ec5efa23bc56bf72ef5923d5762e
786,/n/groups/gentb_www/predictData/tbdata_00000786,ee5c533e80721e0c3f97762fd139719d
785,/n/groups/gentb_www/predictData/tbdata_00000785,240b733701d0be2e18a015aca252751e
784,/n/groups/gentb_www/predictData/tbdata_00000784,b0e8b3ad0331c2add3c1ddc35ab29ef0
783,/n/groups/gentb_www/predictData/tbdata_00000783,05367cd6cb762f397aad0f37c2767c26
782,/n/groups/gentb_www/predictData/tbdata_00000782,548e2042c52fbdf59aa8f11e2247f987
781,/n/groups/gentb_www/predictData/tbdata_00000781,42a596ef46ca0d0cf2095e062e73ce80
780,/n/groups/gentb_www/predictData/tbdata_00000780,c3ba931983a0a88a88f40be5599309a3
779,/n/groups/gentb_www/predictData/tbdata_00000779,ffb686f641b42f9fcedd54c6608e33ad
778,/n/groups/gentb_www/predictData/tbdata_00000778,41a544c375786460255f70e00af946d8
777,/n/groups/gentb_www/predictData/tbdata_00000777,fc4a752ea677449a92a86bcaabd1b837
776,/n/groups/gentb_www/predictData/tbdata_00000776,b919ecf250a337f4442846d06d513d97
775,/n/groups/gentb_www/predictData/tbdata_00000775,856eb3a4604879dd24ec46bd00152eb7
774,/n/groups/gentb_www/predictData/tbdata_00000774,cc9ce84192f14f0e3104077318dff164
773,/n/groups/gentb_www/predictData/tbdata_00000773,a9edda10aa6b3ddc704ff17ef214a7f6
772,/n/groups/gentb_www/predictData/tbdata_00000772,ffb18da68e55c6b66325e4e52b804a90
771,/n/groups/gentb_www/predictData/tbdata_00000771,3b08588f55ff96e5e955be1c23f74685
770,/n/groups/gentb_www/predictData/tbdata_00000770,7ca8084daad2a8a63999459dd98c069c
769,/n/groups/gentb_www/predictData/tbdata_00000769,511acdd0af52a49e0114dc2bb84ee107
768,/n/groups/gentb_www/predictData/tbdata_00000768,1d5e6b0d4297e887b9868dd63057fadd
767,/n/groups/gentb_www/predictData/tbdata_00000767,de6ae19f7422913722aa128490d4029f
766,/n/groups/gentb_www/predictData/tbdata_00000766,f85cf137981741eac3fd4c4ae3c8e4f2
765,/n/groups/gentb_www/predictData/tbdata_00000765,dc5c2c69c10711b5188c8768fcf084ed
764,/n/groups/gentb_www/predictData/tbdata_00000764,e3e7624be0478b3379e357f5694c163c
763,/n/groups/gentb_www/predictData/tbdata_00000763,2079015b55e56595ec0858bbb5ebac8c
762,/n/groups/gentb_www/predictData/tbdata_00000762,0db5135a35b51d0ba3ee5bb0c6f2d1f7
761,/n/groups/gentb_www/predictData/tbdata_00000761,a49acfd4b84f3871079a68687766e56a
760,/n/groups/gentb_www/predictData/tbdata_00000760,a5ec8eab9e2ec3cda961e27bcac1ac38
759,/n/groups/gentb_www/predictData/tbdata_00000759,c6b1545810622a6a2641d56d56d76d9d
758,/n/groups/gentb_www/predictData/tbdata_00000758,620f23d11bc75b255a859e8458a5ef20
757,/n/groups/gentb_www/predictData/tbdata_00000757,8f157b406deb521e9e49fec175470b58
756,/n/groups/gentb_www/predictData/tbdata_00000756,07dff4bb1c59eb525c653562cd8d4ba2
755,/n/groups/gentb_www/predictData/tbdata_00000755,d9d234f20b91a5a7e4bc0f86680c5569
754,/n/groups/gentb_www/predictData/tbdata_00000754,a8148da6b4082b24d8f0d7d2c002257b
753,/n/groups/gentb_www/predictData/tbdata_00000753,08f17d2d6d049972e2fb251790d8933e
752,/n/groups/gentb_www/predictData/tbdata_00000752,3f850049948c006537e96032827d44d0
751,/n/groups/gentb_www/predictData/tbdata_00000751,1724e07572360ea33ed7e3ba16940ce6
750,/n/groups/gentb_www/predictData/tbdata_00000750,fdd597499b451820fbdcf0839fb932cf
749,/n/groups/gentb_www/predictData/tbdata_00000749,b9b89ea321c21bbf0dc64ce546ffff28
748,/n/groups/gentb_www/predictData/tbdata_00000748,bc3e16bbfdf7490dae1435ad37bcabbc
747,/n/groups/gentb_www/predictData/tbdata_00000747,2d93ca3e3c0b7b0a9fb3d9852261b17d
746,/n/groups/gentb_www/predictData/tbdata_00000746,74a57ea897af2076b8641962058578a3
745,/n/groups/gentb_www/predictData/tbdata_00000745,1639bde7f2b75b25bb768dce16927f0b
744,/n/groups/gentb_www/predictData/tbdata_00000744,50c0768fbeda9b5f22602ec6b100bab4
743,/n/groups/gentb_www/predictData/tbdata_00000743,fe74c403181a6cc29dcd2326af09547b
742,/n/groups/gentb_www/predictData/tbdata_00000742,ea9c8ae9f9ae3b619469ea20b5a83256
741,/n/groups/gentb_www/predictData/tbdata_00000741,8b8cd2e8939fff87ecfea72ec81e4a24
740,/n/groups/gentb_www/predictData/tbdata_00000740,6376062d2ca7e5c810a20298e2afd02b
739,/n/groups/gentb_www/predictData/tbdata_00000739,2da06c8cc65cf676433997bb8a61f365
738,/n/groups/gentb_www/predictData/tbdata_00000738,77f5a51b31ee4e8279f39a798739b817
737,/n/groups/gentb_www/predictData/tbdata_00000737,b23628b9f565cf38f73c1c9b2b28caa1
736,/n/groups/gentb_www/predictData/tbdata_00000736,590dd03f5dd95f721e308b4f7bcdae94
735,/n/groups/gentb_www/predictData/tbdata_00000735,038c426bd141eb38b9eed9fb19797be8
734,/n/groups/gentb_www/predictData/tbdata_00000734,a3c17e5f97d2c8f9ec577c6d0fa70a1b
733,/n/groups/gentb_www/predictData/tbdata_00000733,57ec11da7544755250d6ac3c0045745c
732,/n/groups/gentb_www/predictData/tbdata_00000732,c17e1208b1332df64d64df5a11507e8a
731,/n/groups/gentb_www/predictData/tbdata_00000731,57951645598354152736261500bd8012
730,/n/groups/gentb_www/predictData/tbdata_00000730,baa4c3c8b8d23e1ff19cdde3010c3a50
729,/n/groups/gentb_www/predictData/tbdata_00000729,25a2715c554ed364ce0037dcca6e4fee
728,/n/groups/gentb_www/predictData/tbdata_00000728,2491168ad50b02c8bd20fee2b876b18f
727,/n/groups/gentb_www/predictData/tbdata_00000727,1ec5f634282218d75bf6d3791d7006ad
726,/n/groups/gentb_www/predictData/tbdata_00000726,d527663ceaa553f91ecfe463ec5383ab
725,/n/groups/gentb_www/predictData/tbdata_00000725,8adeeebafc85aeb782aa32b5f89852ce
724,/n/groups/gentb_www/predictData/tbdata_00000724,12d87252e48ae6dfc3e16af3a269e3c8
723,/n/groups/gentb_www/predictData/tbdata_00000723,6dbff60ab952204200a3c0adafdafaa3
722,/n/groups/gentb_www/predictData/tbdata_00000722,b2407645239240cd5a63e7a43e1dd93d
721,/n/groups/gentb_www/predictData/tbdata_00000721,7905ac921eb45e18e05b953ada4b9723
720,/n/groups/gentb_www/predictData/tbdata_00000720,3b827bc7a953f09dc5138328b3f6e6d8
719,/n/groups/gentb_www/predictData/tbdata_00000719,12d6b009d714796f125086d7800ee428
718,/n/groups/gentb_www/predictData/tbdata_00000718,173ee403eee67f281902bd6e69d8512b
717,/n/groups/gentb_www/predictData/tbdata_00000717,aa0d6095b7680b1c6c2ebe4a23e86c6a
716,/n/groups/gentb_www/predictData/tbdata_00000716,c46f98cedff37882f9f05f988e43050b
715,/n/groups/gentb_www/predictData/tbdata_00000715,739b128f756be7a8831f96f6681fee01
714,/n/groups/gentb_www/predictData/tbdata_00000714,203f603fa6856e7ed6c4eae58d8f5f8d
713,/n/groups/gentb_www/predictData/tbdata_00000713,fc03ba192b940221cdcecae2ee70f985
712,/n/groups/gentb_www/predictData/tbdata_00000712,747c5ddc08f78aff3efa64f9a9ef61af
711,/n/groups/gentb_www/predictData/tbdata_00000711,da91f84eca07b38a5e341ebdf8d72fc6
710,/n/groups/gentb_www/predictData/tbdata_00000710,a2ff9f2be45965188353f72cf030716c
709,/n/groups/gentb_www/predictData/tbdata_00000709,33190b4b109e893fb7418735c2bd7b46
708,/n/groups/gentb_www/predictData/tbdata_00000708,b355a7ff487ccdb131f46ba5ef0c1e13
707,/n/groups/gentb_www/predictData/tbdata_00000707,5019f3e5e4ae573e10557fa261100b1e
706,/n/groups/gentb_www/predictData/tbdata_00000706,f8aedd0053ff51b3c05776fb29d2ffff
705,/n/groups/gentb_www/predictData/tbdata_00000705,25ea464f37e7988f82a3b1ba61205b54
704,/n/groups/gentb_www/predictData/tbdata_00000704,7c49861e93623ec2e650d9050b7d68ee
703,/n/groups/gentb_www/predictData/tbdata_00000703,7fdfb2b2870668aa450a0315c85c1a12
702,/n/groups/gentb_www/predictData/tbdata_00000702,d800af3ab13916b487954f24df285ad5
701,/n/groups/gentb_www/predictData/tbdata_00000701,a57563944afc916bea773f8e59f8cc92
700,/n/groups/gentb_www/predictData/tbdata_00000700,029fea068668835cce392c7854d24b27
699,/n/groups/gentb_www/predictData/tbdata_00000699,49a0d1fabf55e67a7624ec15f9cf565b
698,/n/groups/gentb_www/predictData/tbdata_00000698,f604dca659f7f2efb9c17d1e722b94e7
697,/n/groups/gentb_www/predictData/tbdata_00000697,251425fc28b53db907861229ada4c2bb
696,/n/groups/gentb_www/predictData/tbdata_00000696,7e99acd007bafda3006e63469ead012b
695,/n/groups/gentb_www/predictData/tbdata_00000695,546185c428859db32c48c7a36d6508e7
694,/n/groups/gentb_www/predictData/tbdata_00000694,599e18284a34d87de5da5bec55f63ba8
693,/n/groups/gentb_www/predictData/tbdata_00000693,e65d0887a0a721feeaca9c5bb67a4863
692,/n/groups/gentb_www/predictData/tbdata_00000692,fd6a38dd23fe7675c69760170911e565
691,/n/groups/gentb_www/predictData/tbdata_00000691,58b1773e10fe8e15f3feca8267d23921
690,/n/groups/gentb_www/predictData/tbdata_00000690,bfa7a255a6d2331c5f11219233f9cfd6
689,/n/groups/gentb_www/predictData/tbdata_00000689,aaab8b857c1458b638eb97accf4297ff
688,/n/groups/gentb_www/predictData/tbdata_00000688,14723d6c0a62d493243a91b62e374b4e
687,/n/groups/gentb_www/predictData/tbdata_00000687,44f1b9bcb01ca0291127bcbcfde99652
686,/n/groups/gentb_www/predictData/tbdata_00000686,e19965ea65db25632f93932db5eb5ab9
685,/n/groups/gentb_www/predictData/tbdata_00000685,c4092f845a6738ea44b2fbff6e5f3e52
684,/n/groups/gentb_www/predictData/tbdata_00000684,de3b86e997f3b26ab3fd9ef0f9bc55ec
683,/n/groups/gentb_www/predictData/tbdata_00000683,41c101c848cdea7943c461ae1a181525
682,/n/groups/gentb_www/predictData/tbdata_00000682,01590fd8d0f3e74d4543e314ce330ba9
681,/n/groups/gentb_www/predictData/tbdata_00000681,50ad7e2d715171237be4f22602974d59
680,/n/groups/gentb_www/predictData/tbdata_00000680,86de73e31f1005cf0cce8edf468a8c54
679,/n/groups/gentb_www/predictData/tbdata_00000679,296f3b6f328907535aa1d4a749f6c5cb
678,/n/groups/gentb_www/predictData/tbdata_00000678,ffd798bda80cec26c31234151bbecb12
677,/n/groups/gentb_www/predictData/tbdata_00000677,fbce847a16cded30d3e0da793d00f050
676,/n/groups/gentb_www/predictData/tbdata_00000676,332cd96f8e2075a6fd7f6e9d233173c9
675,/n/groups/gentb_www/predictData/tbdata_00000675,7b8173f7a83f620b73b4411de3632351
674,/n/groups/gentb_www/predictData/tbdata_00000674,1743ee4a03348a39b1f2ac88b2191b2c
673,/n/groups/gentb_www/predictData/tbdata_00000673,695784e3dac8965d99f1f125c2ca8515
672,/n/groups/gentb_www/predictData/tbdata_00000672,75ee5b02e9d34f24afe65f3018f2746e
671,/n/groups/gentb_www/predictData/tbdata_00000671,5bd8e4cf37bace95810c3de7891ec160
670,/n/groups/gentb_www/predictData/tbdata_00000670,5a7afa1de89c3f53b992a965c79e4e0f
669,/n/groups/gentb_www/predictData/tbdata_00000669,038dde67e3b96acaec2dc3a2a6e34897
668,/n/groups/gentb_www/predictData/tbdata_00000668,7e4e2598cd8d77234fe19d6566a8dca1
667,/n/groups/gentb_www/predictData/tbdata_00000667,443021e90ac4f5ebf5edc7946d743779
666,/n/groups/gentb_www/predictData/tbdata_00000666,279428e06445ec5e8bf28284c9b63a52
665,/n/groups/gentb_www/predictData/tbdata_00000665,21b52796275684590244256077cfbf59
664,/n/groups/gentb_www/predictData/tbdata_00000664,976286039ac3b04f96a90e9425a62e83
663,/n/groups/gentb_www/predictData/tbdata_00000663,b8cc6d4a87deda6c1da7c53210ff88d4
662,/n/groups/gentb_www/predictData/tbdata_00000662,edf252e9c090d438a57e935edd101f6d
661,/n/groups/gentb_www/predictData/tbdata_00000661,4c70c77f14548a1a7690522817056131
660,/n/groups/gentb_www/predictData/tbdata_00000660,f2625570a25da4ee3ab56a202c19a6fb
659,/n/groups/gentb_www/predictData/tbdata_00000659,e845045d2b1db46db803e873ec839018
658,/n/groups/gentb_www/predictData/tbdata_00000658,26741b86038f1f76359008fe5ec39913
657,/n/groups/gentb_www/predictData/tbdata_00000657,9323e13795919671fcdca1e836d44f87
656,/n/groups/gentb_www/predictData/tbdata_00000656,879dcff83e024757b79de6cc22311511
655,/n/groups/gentb_www/predictData/tbdata_00000655,3d2d3419557314be5c3c49c8b1b8c053
654,/n/groups/gentb_www/predictData/tbdata_00000654,a91ba539e4fb70e8c1acca2362c84d37
653,/n/groups/gentb_www/predictData/tbdata_00000653,47c67f573857466b2c59675e55ac213f
652,/n/groups/gentb_www/predictData/tbdata_00000652,6fdc378576bbf4690033db97c4e07d73
651,/n/groups/gentb_www/predictData/tbdata_00000651,270108021791c7b5e10b5ea9d48c0b1e
650,/n/groups/gentb_www/predictData/tbdata_00000650,27df4feed51757df7ce912ea7b8abb86
649,/n/groups/gentb_www/predictData/tbdata_00000649,a153c5c7b308137484226d9375fb2327
648,/n/groups/gentb_www/predictData/tbdata_00000648,23f85a4a0776c7dfb388c5a9ff291341
647,/n/groups/gentb_www/predictData/tbdata_00000647,ca655788297523d7973bec434e98df8c
646,/n/groups/gentb_www/predictData/tbdata_00000646,a6ed6cd6f7645e46e96ddedfa8a964d0
645,/n/groups/gentb_www/predictData/tbdata_00000645,af3c35cd7630e64b3453c6300b567bb7
644,/n/groups/gentb_www/predictData/tbdata_00000644,74be679ef979797955c9e9a8f6cf382d
643,/n/groups/gentb_www/predictData/tbdata_00000643,22e9cd5a3f4c2332ebd725dbf29886a2
642,/n/groups/gentb_www/predictData/tbdata_00000642,fc29ec615d67a1be089fb92d072b2602
641,/n/groups/gentb_www/predictData/tbdata_00000641,c76b0195db86c0044e2f778b60425bba
640,/n/groups/gentb_www/predictData/tbdata_00000640,fbb6d17ef231683dd36034920c0b0332
639,/n/groups/gentb_www/predictData/tbdata_00000639,e23e94e7ef6212ad485159ae6c503e1a
638,/n/groups/gentb_www/predictData/tbdata_00000638,98dbc88add665be1fbf6a2467df34e17
637,/n/groups/gentb_www/predictData/tbdata_00000637,18a01140f3c7e44159627cd4c848c313
636,/n/groups/gentb_www/predictData/tbdata_00000636,697a4739f7632fede363b04c25704ecc
635,/n/groups/gentb_www/predictData/tbdata_00000635,dc94618e66bc3b6c4fe306b7d21517bd
634,/n/groups/gentb_www/predictData/tbdata_00000634,4bcc69ba2554afab9e57928eb740e136
633,/n/groups/gentb_www/predictData/tbdata_00000633,60b3d6d88593d925b4c97939bc901555
632,/n/groups/gentb_www/predictData/tbdata_00000632,9e14eb9e6df33000e116af37d7e1caa5
631,/n/groups/gentb_www/predictData/tbdata_00000631,ad6ef905aacbb0cd86bb0f06fb4c3916
630,/n/groups/gentb_www/predictData/tbdata_00000630,011664b72ac80d15c7a256fa16e48553
629,/n/groups/gentb_www/predictData/tbdata_00000629,bb6cbe475f7278490a1bc1f4f04155a2
628,/n/groups/gentb_www/predictData/tbdata_00000628,ee1e7ea47a4447b3ea48bc3c6ebadebb
627,/n/groups/gentb_www/predictData/tbdata_00000627,cfa176df6b6f24383562839f24e55bc9
626,/n/groups/gentb_www/predictData/tbdata_00000626,ce16955c957bfd6b60a292fd689e9c2e
625,/n/groups/gentb_www/predictData/tbdata_00000625,251efada5aeeab79ad17e3a7f8de692c
624,/n/groups/gentb_www/predictData/tbdata_00000624,a1c7523bb9010c38cfae07145be5ed14
623,/n/groups/gentb_www/predictData/tbdata_00000623,3bfd655bda3fa80aaeb0496a77b1b5f0
622,/n/groups/gentb_www/predictData/tbdata_00000622,53bbec943166eea48949a462b846f6a8
621,/n/groups/gentb_www/predictData/tbdata_00000621,0370a3d402d5e0de5ab591d9176a5082
620,/n/groups/gentb_www/predictData/tbdata_00000620,548fabd2e40062f2ce1f44886907eea1
619,/n/groups/gentb_www/predictData/tbdata_00000619,b3111cf059bfa971f0b0b85bccdca5f3
618,/n/groups/gentb_www/predictData/tbdata_00000618,5feea63e29617d4312a0bfad07f83d99
617,/n/groups/gentb_www/predictData/tbdata_00000617,82689253c0999a42e04e5bbe702800ab
616,/n/groups/gentb_www/predictData/tbdata_00000616,e7f441781a65e981e61eb7f59b5f39b4
615,/n/groups/gentb_www/predictData/tbdata_00000615,1b11eaaef4dcf927c48029a8957ce65e
614,/n/groups/gentb_www/predictData/tbdata_00000614,848b5164863efef6d7bf7784e3eaf236
613,/n/groups/gentb_www/predictData/tbdata_00000613,21b1ae2a6aae043d5c09178295ff8bbb
612,/n/groups/gentb_www/predictData/tbdata_00000612,ad6703a0aa996f6e43e20136add4ee4a
611,/n/groups/gentb_www/predictData/tbdata_00000611,721e049e9903c3a740c4902878c99923
610,/n/groups/gentb_www/predictData/tbdata_00000610,8704fcf76120d1af14757d62ec4864dc
609,/n/groups/gentb_www/predictData/tbdata_00000609,bc16982eebcfc625b794b7e3a88fb875
608,/n/groups/gentb_www/predictData/tbdata_00000608,a615f5aa1ddcbee913f892da06f14a0a
607,/n/groups/gentb_www/predictData/tbdata_00000607,6a7880db9cf02b232f1c47fcc1f57d61
606,/n/groups/gentb_www/predictData/tbdata_00000606,ac43d76e7f61017de8bd0c76f4ab7bda
605,/n/groups/gentb_www/predictData/tbdata_00000605,a7b8be9bfb0156e8d751738dbee7c2ab
604,/n/groups/gentb_www/predictData/tbdata_00000604,6382c2b791488eea6a84aab689756640
602,/n/groups/gentb_www/predictData/tbdata_00000602,233d17eb972ff3c929faa9b2b7cde22d
601,/n/groups/gentb_www/predictData/tbdata_00000601,3bc1de4379e6313771b75645bd09ca7d
600,/n/groups/gentb_www/predictData/tbdata_00000600,79afcad06b88f392441fc3749aeca366
599,/n/groups/gentb_www/predictData/tbdata_00000599,bd1140add78a36a26e0b153b1dcdc3b7
598,/n/groups/gentb_www/predictData/tbdata_00000598,7b687eadee42a344f97538f84506c46b
597,/n/groups/gentb_www/predictData/tbdata_00000597,ec2cbd2c232759a39db8aaa3ca20f6f7
596,/n/groups/gentb_www/predictData/tbdata_00000596,47629b3903a3a02fe533cd3883afbf04
595,/n/groups/gentb_www/predictData/tbdata_00000595,7929995f7abeba9cc940c791796674f9
594,/n/groups/gentb_www/predictData/tbdata_00000594,51239168951560a27d7f3cb681982704
593,/n/groups/gentb_www/predictData/tbdata_00000593,1f7e956a1dcc6f7a7943e1835a9f1ec7
592,/n/groups/gentb_www/predictData/tbdata_00000592,386729427214f1a88986f390573664fc
591,/n/groups/gentb_www/predictData/tbdata_00000591,0ce53392a308cee5c60503d7218cc4d1
590,/n/groups/gentb_www/predictData/tbdata_00000590,8dc9657442ba907ea881f75662b333e1
589,/n/groups/gentb_www/predictData/tbdata_00000589,60762f6c3287c36f29c59b13b040d575
588,/n/groups/gentb_www/predictData/tbdata_00000588,1a3305af3141019d887ee95934d40944
587,/n/groups/gentb_www/predictData/tbdata_00000587,36d1da18bb43c7ee2086452f94b0a691
586,/n/groups/gentb_www/predictData/tbdata_00000586,3776a49949f0977d95ed87cb6b31d645
585,/n/groups/gentb_www/predictData/tbdata_00000585,b9a7df0c307e34b735fd7196adcfffb0
584,/n/groups/gentb_www/predictData/tbdata_00000584,7ce14754d22fddce103956f068fafc32
583,/n/groups/gentb_www/predictData/tbdata_00000583,1296c5beac9f293ccd3d257b57f2727f
582,/n/groups/gentb_www/predictData/tbdata_00000582,28392c11f5ae02e237e95d68327846a7
581,/n/groups/gentb_www/predictData/tbdata_00000581,c8b6e8b669a7dcaa55fc0fbaf378c832
580,/n/groups/gentb_www/predictData/tbdata_00000580,4424fc4ea9d80c18888a4fb870164ba4
578,/n/groups/gentb_www/predictData/tbdata_00000578,904460087405b44f00db7baca1a981f0
577,/n/groups/gentb_www/predictData/tbdata_00000577,0902f88c402be0eb6af1e2fc0c279cd0
576,/n/groups/gentb_www/predictData/tbdata_00000576,e9dabefd747ed8efef87f323fe12e7b8
575,/n/groups/gentb_www/predictData/tbdata_00000575,b369b799b354de5a2628a697091acef4
574,/n/groups/gentb_www/predictData/tbdata_00000574,c33bc429fc1ec2c6d99725183afe4051
573,/n/groups/gentb_www/predictData/tbdata_00000573,71d5b4c3e8793f1022c17acfc279104e
572,/n/groups/gentb_www/predictData/tbdata_00000572,24c563cba2432ec5b62d6ae59670aa5d
571,/n/groups/gentb_www/predictData/tbdata_00000571,7310648565c7ba630d4d0c315370cdb6
570,/n/groups/gentb_www/predictData/tbdata_00000570,65a923f6da6ebc5c787667b8d3ba898e
569,/n/groups/gentb_www/predictData/tbdata_00000569,2286e2ced1a212f780f43f46f8b3471d
568,/n/groups/gentb_www/predictData/tbdata_00000568,e2d1f5c0954d89a487589e3fdbb9975d
567,/n/groups/gentb_www/predictData/tbdata_00000567,8e9be98d4dd5f3a0c51aa11edbbcb867
566,/n/groups/gentb_www/predictData/tbdata_00000566,4013a3679989d419afacf42f759d31f6
565,/n/groups/gentb_www/predictData/tbdata_00000565,7491a63b9f28d6b5cdb66d05fa224af1
564,/n/groups/gentb_www/predictData/tbdata_00000564,51a69a56e3e3d23ea50ff42956e76b31
563,/n/groups/gentb_www/predictData/tbdata_00000563,60ded74267816ed2fe0085832c42a742
562,/n/groups/gentb_www/predictData/tbdata_00000562,3ff08cd7d6fa4a3390acdb1989e4557f
400,/n/groups/gentb_www/predictData/tbdata_00000400,552b21ca273e9eda913438e456509e4c
423,/n/groups/gentb_www/predictData/tbdata_00000423,0966892dbcd67d522c864e287cb33ac1
422,/n/groups/gentb_www/predictData/tbdata_00000422,aa37099617a2aca2cb0238689fc1a305
421,/n/groups/gentb_www/predictData/tbdata_00000421,60ee3a9ee9660556b5f38cb8e97f8946
420,/n/groups/gentb_www/predictData/tbdata_00000420,74a898a710a15b781bb36ae386c512ca
419,/n/groups/gentb_www/predictData/tbdata_00000419,ef383a2db9a9e049c5d7f708e3bf9c19
418,/n/groups/gentb_www/predictData/tbdata_00000418,953cfb98381162c0dee01a50e759f219
417,/n/groups/gentb_www/predictData/tbdata_00000417,67a77aa040f6f83d835a4617d49b717a
416,/n/groups/gentb_www/predictData/tbdata_00000416,7d298f4a5aceb63fffc047da0251b21e
415,/n/groups/gentb_www/predictData/tbdata_00000415,4e313e3785ada9d64a1c143ad57c8084
414,/n/groups/gentb_www/predictData/tbdata_00000414,921e211d5d4f0418dfe7e1a86f860eb9
413,/n/groups/gentb_www/predictData/tbdata_00000413,1ed7e782b465fe56faaa686ed3936aa6
412,/n/groups/gentb_www/predictData/tbdata_00000412,591307e1a024fb9d3446856b59a07cbb
411,/n/groups/gentb_www/predictData/tbdata_00000411,a2cee8a78b3da6a0f87f324f8795f7dd
410,/n/groups/gentb_www/predictData/tbdata_00000410,f1aa70a5943ffde5d7c4baa022d2ea11
409,/n/groups/gentb_www/predictData/tbdata_00000409,18b4b14e21ac95accc4afa939db83128
408,/n/groups/gentb_www/predictData/tbdata_00000408,f7d0da53db8f5ed1a3dacff74b779e49
407,/n/groups/gentb_www/predictData/tbdata_00000407,ef2b4b0132b6c0651efb9309d98e5dad
406,/n/groups/gentb_www/predictData/tbdata_00000406,88f573cdac35239797426a7624a29ee3
405,/n/groups/gentb_www/predictData/tbdata_00000405,102f11f78fb54f0780f7b57696e577ca
404,/n/groups/gentb_www/predictData/tbdata_00000404,25764a15d89291daed162da110acefd2
403,/n/groups/gentb_www/predictData/tbdata_00000403,826fbcc9e246bd96067744b598e07ad6
402,/n/groups/gentb_www/predictData/tbdata_00000402,49dd50fa3b9d2c6ab573976616a93fa4
401,/n/groups/gentb_www/predictData/tbdata_00000401,8726c0dee07963f01b72e7eb08e6086d
398,/n/groups/gentb_www/predictData/tbdata_00000398,049feb68dbc06d2781b667c97aa4e5a2
397,/n/groups/gentb_www/predictData/tbdata_00000397,8c970b7bf213e35d498019d886d8c44b
396,/n/groups/gentb_www/predictData/tbdata_00000396,59f38965945b51776c4faf341a6e09f6
395,/n/groups/gentb_www/predictData/tbdata_00000395,88f25efad7c244ffb7c16bcf9bbbd555
394,/n/groups/gentb_www/predictData/tbdata_00000394,82ef5da1d72e60b3478a7587f3a8ae97
393,/n/groups/gentb_www/predictData/tbdata_00000393,ba1d07b2d8c1fdff9d51dbd2c31f134c
392,/n/groups/gentb_www/predictData/tbdata_00000392,98d3ece653c3cc74bce8cc70bc307473
391,/n/groups/gentb_www/predictData/tbdata_00000391,e1a81872496d46d891a4c8ca431fb7c6
390,/n/groups/gentb_www/predictData/tbdata_00000390,f0873de8fd983a18144b87c99fa68fae
389,/n/groups/gentb_www/predictData/tbdata_00000389,b2ade138cdd616c7507c23b432c8c197
385,/n/groups/gentb_www/predictData/tbdata_00000385,1542a1e7ff2f6fd3ed3289fa9e78bde9
361,/n/groups/gentb_www/predictData/tbdata_00000361,edd36bf38381a22303be8339e3f01b80
360,/n/groups/gentb_www/predictData/tbdata_00000360,fac386ae698ddf279bde6fc261717c78
359,/n/groups/gentb_www/predictData/tbdata_00000359,2aaf66ecd440ee83045e2dfb051ec211
358,/n/groups/gentb_www/predictData/tbdata_00000358,8be0e79cc2ae79abff04d8e6b5aa801c
357,/n/groups/gentb_www/predictData/tbdata_00000357,8df78281d5910552a566f760419a7fe0
356,/n/groups/gentb_www/predictData/tbdata_00000356,1c99200ff31b499e9a0e9093cfb4e40c
355,/n/groups/gentb_www/predictData/tbdata_00000355,37bdeb48bc9f07e31a700ce3d1ae8415
354,/n/groups/gentb_www/predictData/tbdata_00000354,97251eac82a908debbace2980d5f9771
353,/n/groups/gentb_www/predictData/tbdata_00000353,e84547ce040928c7906a613e791418b5
352,/n/groups/gentb_www/predictData/tbdata_00000352,e51021e889af76f3f84c184edb878049
351,/n/groups/gentb_www/predictData/tbdata_00000351,921da7d3223a7ddc281728be7993f402
350,/n/groups/gentb_www/predictData/tbdata_00000350,96e52b85a6cf2ac1c7ee66fad601ef2c
349,/n/groups/gentb_www/predictData/tbdata_00000349,b7047c4f921f5ee100b0642cf4c428ef
348,/n/groups/gentb_www/predictData/tbdata_00000348,c14f220caeaf63cc863a5014f5e3bde1
347,/n/groups/gentb_www/predictData/tbdata_00000347,ec9183bdde6eff7751514c4f047cafd8
346,/n/groups/gentb_www/predictData/tbdata_00000346,4aa36c37d12a9387df1f15ea5d3f7a44
345,/n/groups/gentb_www/predictData/tbdata_00000345,e2f4d7008ac220a5eddfbca4fa713211
344,/n/groups/gentb_www/predictData/tbdata_00000344,17cf1c87ee26376ce82fccdade21edf3
343,/n/groups/gentb_www/predictData/tbdata_00000343,77aa48e111f695205c76f761d44f0b8b
342,/n/groups/gentb_www/predictData/tbdata_00000342,7918c3d1089b7cefbc06f2edc5f368b4
341,/n/groups/gentb_www/predictData/tbdata_00000341,e2c2e552f8396267fa43e75acb160e46
340,/n/groups/gentb_www/predictData/tbdata_00000340,56d59eadab4b90c2deec0a017e96a879
339,/n/groups/gentb_www/predictData/tbdata_00000339,50f837a795effb3d709799cdc3043dcf
338,/n/groups/gentb_www/predictData/tbdata_00000338,b5fd1b502a7e720687e196fdddee7dae
337,/n/groups/gentb_www/predictData/tbdata_00000337,487189a812b58cfebc80d58102cf838a
336,/n/groups/gentb_www/predictData/tbdata_00000336,bd567a41b00f6c45482fa5fbb8150aa3
335,/n/groups/gentb_www/predictData/tbdata_00000335,38050032ab84f2559c554b761ad9f387
332,/n/groups/gentb_www/predictData/tbdata_00000332,8b45d57c0cb1fd50063c5c8fc80c101d
330,/n/groups/gentb_www/predictData/tbdata_00000330,94c9761598328d98efe50fe09c7e5dcb
329,/n/groups/gentb_www/predictData/tbdata_00000329,5b16a7d2adb5e8127e5cd6fb7c8c3e78
328,/n/groups/gentb_www/predictData/tbdata_00000328,b4720cc432245506f74a2b9147a7e785
327,/n/groups/gentb_www/predictData/tbdata_00000327,9dd48e84d26829e5fba7fa242a35fb0f
325,/n/groups/gentb_www/predictData/tbdata_00000325,74004b61ef48e0dd5fc258b758f96713
324,/n/groups/gentb_www/predictData/tbdata_00000324,d40a26bc6a727e883e7f0006ca576c22
323,/n/groups/gentb_www/predictData/tbdata_00000323,1484342a26905f106a1b43d765b683d4
322,/n/groups/gentb_www/predictData/tbdata_00000322,9a20c0336f8a821113f47ef9c4df4829
321,/n/groups/gentb_www/predictData/tbdata_00000321,cf24ee5c4d35381670ebcd79ceef26ae
320,/n/groups/gentb_www/predictData/tbdata_00000320,63518dc9e0ad5b7505b1533232350879
319,/n/groups/gentb_www/predictData/tbdata_00000319,6ea243d5855fdbb68de5f4c048247718
318,/n/groups/gentb_www/predictData/tbdata_00000318,e20831d9f15ca007d189e71976704fba
317,/n/groups/gentb_www/predictData/tbdata_00000317,8fd5d856714fae29e17d048ab4ba35a3
315,/n/groups/gentb_www/predictData/tbdata_00000315,6c0d4e2c5e424760df95664c428ba68d
313,/n/groups/gentb_www/predictData/tbdata_00000313,e18413d4589b38ba8f9eeeabec46dd56
312,/n/groups/gentb_www/predictData/tbdata_00000312,0ba04c4c8226f057f070460595a56146
311,/n/groups/gentb_www/predictData/tbdata_00000311,33e3edf166265aa646bc3d9964d5bf9a
305,/n/groups/gentb_www/predictData/tbdata_00000305,73d346ed08930cad6cf2e546599d170f
304,/n/groups/gentb_www/predictData/tbdata_00000304,c5c138056f52a68664f90df51d517df6
292,/n/groups/gentb_www/predictData/tbdata_00000292,0b79c9f63838bb261caa268ab3955895
291,/n/groups/gentb_www/predictData/tbdata_00000291,a34afc8f70469eb13dfc438dccc8e301
287,/n/groups/gentb_www/predictData/tbdata_00000287,b3d78cc14f5fc498681c935722a44067
286,/n/groups/gentb_www/predictData/tbdata_00000286,80c0593ab154233d508c524340add38e
284,/n/groups/gentb_www/predictData/tbdata_00000284,8e7ab873fc567031fdb8b23669a8abb1
213,/n/groups/gentb_www/predictData/tbdata_00000213,77033e7b913241d29f4dfd3d8145f097
212,/n/groups/gentb_www/predictData/tbdata_00000212,c6d25e9ada67c2dd4b302f60fa54af58
211,/n/groups/gentb_www/predictData/tbdata_00000211,b502c113d81c3700dd90568a13b0689e
210,/n/groups/gentb_www/predictData/tbdata_00000210,1d5dc6b997f73abbc378e95c7ecb2c59
